,Skills_count,3ds Max,Accounting,Adobe After Effects,Adobe Creative Suite,Adobe Illustrator,Adobe Photoshop,Adobe Photoshop Lightroom CC,Adobe Premiere Pro,Android,AutoCAD,Blogging,Bootstrap,CSS,Client Relationship,Copywriting,CorelDRAW,Creative Writing,Digital Marketing,Email Marketing,English Proficiency (Spoken),English Proficiency (Written),Facebook Marketing,Flutter,Google AdWords,Google Analytics,HTML,Hindi Proficiency (Spoken),Informal dress code,Instagram Marketing,Java,JavaScript,Kannada Proficiency (Spoken),Linux,MS-Excel,MS-Office,MS-PowerPoint,MS-Word,Node.js,PHP,Photography,Python,ReactJS,SQL,Salesforce,Search Engine Marketing (SEM),Search Engine Optimization (SEO),Social Media Marketing,Tally,Video Editing,Video Making,WordPress,iOS,Date,month,year,time,stipend_min,stipend_max,stipend_avg,stipend_type,stipend_unpaid,stipend_perf,stipend_incentives,duration_months,Offer_encoded,StartDate_encoded,Location_encoded,Company_encoded,Perk_Letter of recommendation,Perk_Certificate,Perk_5 days a week,Perk_Free snacks & beverages,Perk_Job offer,Perk_Flexible work hours,Profile_encoded
0,3,0,0,0,0,1,0,0,0,0,0,0,0,0,0,0,1,0,0,0,0,0,0,0,0,0,0,0,0,0,0,0,0,0,0,1,0,0,0,0,0,0,0,0,0,0,0,0,0,0,0,0,0,2,11,2020,13:52:57,5000,5000,5000.0,month,0,0,0,2.0,0,0,2,99,0,1,0,0,0,0,55
1,2,0,0,0,0,0,0,0,0,0,0,0,0,0,0,0,0,0,0,0,0,0,0,0,0,0,0,0,1,0,0,0,0,0,0,0,0,0,0,0,0,0,0,0,0,0,0,0,0,0,0,0,0,2,11,2020,13:52:59,12000,12000,12000.0,month,0,0,0,1.0,0,0,9,193,1,1,0,1,0,0,99
2,0,0,0,0,0,0,0,0,0,0,0,0,0,0,0,0,0,0,0,0,0,0,0,0,0,0,0,0,0,0,0,0,0,0,0,0,0,0,0,0,0,0,0,0,0,0,0,0,0,0,0,0,0,2,11,2020,13:53:00,10000,12000,11000.0,month,0,0,0,3.0,0,0,2,104,0,0,0,1,0,1,106
3,2,0,0,0,0,0,0,0,0,0,0,0,0,0,0,0,0,0,0,0,0,0,0,0,0,0,0,0,1,0,0,0,0,0,0,1,0,0,0,0,0,0,0,0,0,0,0,0,0,0,0,0,0,2,11,2020,13:53:00,7000,7000,7000.0,month,0,0,0,6.0,0,0,2,346,1,1,1,1,0,1,126
4,0,0,0,0,0,0,0,0,0,0,0,0,0,0,0,0,0,0,0,0,0,0,0,0,0,0,0,0,0,0,0,0,0,0,0,0,0,0,0,0,0,0,0,0,0,0,0,0,0,0,0,0,0,2,11,2020,13:53:01,5000,5000,5000.0,month,0,0,0,6.0,0,0,2,70,0,0,0,0,0,0,18
5,2,0,0,0,0,0,0,0,0,0,0,0,0,0,0,0,0,0,1,0,0,0,0,0,0,0,0,0,1,0,0,0,0,0,0,0,0,0,0,0,0,0,0,0,0,0,0,0,0,0,0,0,0,2,11,2020,13:53:02,5000,10000,7500.0,month,0,0,0,3.0,1,0,5,377,1,1,1,1,1,1,126
6,3,0,0,0,0,0,0,0,0,0,0,0,0,0,0,0,0,0,0,0,1,1,0,0,0,0,0,0,0,0,0,0,0,0,0,0,1,0,0,0,0,0,0,0,0,0,0,0,0,0,0,0,0,2,11,2020,13:53:03,2000,3000,2500.0,month,0,0,0,3.0,1,0,2,345,1,1,0,0,1,0,53
7,2,0,0,0,0,0,0,0,0,0,0,0,0,0,0,0,0,0,1,0,0,0,0,0,0,0,0,0,1,0,0,0,0,0,0,0,0,0,0,0,0,0,0,0,0,0,0,0,0,0,0,0,0,2,11,2020,13:53:04,5000,5000,5000.0,month,0,0,0,3.0,0,0,2,353,1,1,0,1,0,0,48
8,6,0,0,0,0,0,1,0,0,0,0,0,0,0,0,0,0,0,1,0,0,0,0,0,0,0,0,0,1,0,0,0,0,0,0,0,0,0,0,0,0,0,0,0,0,0,0,1,0,1,1,0,0,2,11,2020,13:53:05,4000,7000,5500.0,month,0,0,0,6.0,0,0,2,308,0,1,0,0,0,0,70
9,6,0,0,0,0,0,0,0,0,0,0,0,0,0,0,0,0,0,0,0,0,0,0,0,0,0,0,0,0,0,0,0,0,1,0,0,0,0,0,0,0,1,0,0,0,0,0,0,0,0,0,0,0,2,11,2020,13:53:06,8000,8000,8000.0,month,0,0,0,6.0,1,0,3,265,1,1,0,0,1,0,42
10,1,0,0,0,0,0,0,0,0,0,0,0,0,0,0,0,0,0,0,0,0,0,0,0,0,0,0,0,0,0,0,0,0,0,0,0,0,0,0,0,0,0,0,0,1,0,0,0,0,0,0,0,0,2,11,2020,13:53:07,15000,18000,16500.0,month,0,0,0,6.0,0,0,2,329,0,1,0,0,0,0,18
11,6,0,0,0,0,0,0,0,0,0,0,0,0,0,0,0,0,0,0,0,1,1,0,0,0,0,0,1,0,0,0,0,1,0,1,0,0,0,0,0,0,0,0,0,0,0,0,0,1,0,0,0,0,2,11,2020,13:53:07,3000,3000,3000.0,month,0,0,0,3.0,0,0,2,127,0,1,0,1,0,0,18
12,5,0,0,0,0,0,0,0,0,0,0,0,0,0,0,0,0,0,0,0,0,0,0,0,0,0,0,0,1,0,0,0,0,0,0,0,0,0,0,0,0,0,0,1,0,0,0,0,0,0,0,0,0,2,11,2020,13:53:08,8000,8000,8000.0,month,0,0,0,6.0,0,0,2,318,1,1,0,1,0,0,77
13,5,0,0,0,0,0,0,0,0,0,0,0,0,0,0,0,0,0,0,0,0,0,0,0,0,0,0,0,1,0,0,0,0,0,0,0,0,0,0,0,0,1,0,0,0,0,0,0,0,0,0,0,0,2,11,2020,13:53:09,8000,8000,8000.0,month,0,0,0,6.0,0,0,2,318,1,1,0,1,0,0,116
14,5,0,0,1,1,1,1,0,1,0,0,0,0,0,0,0,0,0,0,0,0,0,0,0,0,0,0,0,0,0,0,0,0,0,0,0,0,0,0,0,0,0,0,0,0,0,0,0,0,0,0,0,0,2,11,2020,13:53:10,8000,12000,10000.0,month,0,0,0,3.0,0,0,2,186,1,1,1,0,0,1,70
15,2,0,0,0,0,0,0,0,0,0,0,0,0,0,0,0,0,0,0,0,0,0,0,0,0,0,0,0,1,0,0,0,0,0,0,0,0,0,0,0,0,0,0,0,0,0,1,0,0,0,0,0,0,2,11,2020,13:53:10,5000,5000,5000.0,month,0,0,0,3.0,0,0,2,353,1,1,0,1,0,0,125
16,1,0,0,0,0,0,0,0,0,0,0,0,0,0,0,0,0,0,0,0,0,0,0,0,0,0,0,0,1,0,0,0,0,0,0,0,0,0,0,0,0,0,0,0,0,0,0,0,0,0,0,0,0,2,11,2020,13:53:11,9000,12000,10500.0,month,0,0,0,3.0,0,0,2,33,1,1,0,1,0,0,126
17,2,0,0,0,0,0,0,0,0,0,0,0,0,0,0,0,0,0,0,0,1,0,0,0,0,0,0,0,0,0,0,0,0,0,0,0,0,0,0,0,0,0,0,0,0,0,0,0,0,0,0,0,0,2,11,2020,13:53:12,10000,20000,15000.0,month,0,0,0,6.0,0,0,2,36,0,1,0,0,0,0,72
18,6,0,0,0,1,1,1,0,0,0,0,0,0,0,0,1,0,0,0,0,0,0,0,0,0,0,0,0,1,0,0,0,0,0,0,0,0,0,0,0,0,0,0,0,0,0,0,1,0,0,0,0,0,2,11,2020,13:53:13,7000,13000,10000.0,month,0,0,0,2.0,0,0,2,166,1,1,1,0,0,1,70
19,1,0,0,0,0,0,0,0,0,0,0,0,0,0,0,0,0,0,0,0,0,0,0,0,0,0,0,0,0,0,0,0,0,0,0,0,0,0,0,0,0,0,0,0,0,0,0,1,0,0,0,0,0,2,11,2020,13:53:14,4000,4000,4000.0,month,0,0,0,1.0,0,0,2,52,0,1,1,0,0,0,126
20,1,0,0,0,0,0,0,0,0,0,0,0,0,0,0,0,0,0,0,0,0,0,0,0,0,0,0,0,1,0,0,0,0,0,0,0,0,0,0,0,0,0,0,0,0,0,0,0,0,0,0,0,0,2,11,2020,13:53:15,7000,12000,9500.0,month,0,0,0,6.0,0,0,2,237,1,1,1,0,0,0,18
21,2,0,0,0,0,0,0,0,0,0,0,0,0,0,0,0,0,0,0,0,0,0,0,0,0,0,0,0,0,0,0,0,0,0,0,1,1,0,0,0,0,0,0,0,0,0,0,0,0,0,0,0,0,2,11,2020,13:53:15,5000,5000,5000.0,month,0,0,0,6.0,0,0,2,254,0,1,0,0,0,0,81
22,3,0,0,0,0,0,0,0,0,0,0,0,0,0,0,0,0,0,0,0,0,0,0,0,0,0,0,0,0,0,0,0,0,0,0,0,0,0,0,0,0,0,0,0,0,0,0,0,0,0,0,0,1,2,11,2020,13:53:17,10000,10000,10000.0,month,0,0,0,4.0,1,0,2,132,1,1,1,0,1,0,152
23,6,0,0,0,0,0,0,0,0,0,0,0,0,0,0,0,0,0,1,1,1,0,0,0,0,0,0,0,0,0,0,0,1,0,1,0,0,1,0,0,0,0,0,0,0,0,0,0,0,0,0,0,0,2,11,2020,13:53:18,3000,3000,3000.0,month,0,0,0,3.0,1,0,2,152,1,1,1,1,1,0,18
24,1,0,0,0,0,0,0,0,0,0,0,0,0,0,0,0,0,0,0,0,0,0,0,0,0,0,0,0,1,0,0,0,0,0,0,0,0,0,0,0,0,0,0,0,0,0,0,0,0,0,0,0,0,2,11,2020,13:53:19,15000,15000,15000.0,month,0,0,0,6.0,1,0,2,296,1,1,1,1,1,0,40
25,0,0,0,0,0,0,0,0,0,0,0,0,0,0,0,0,0,0,0,0,0,0,0,0,0,0,0,0,0,0,0,0,0,0,0,0,0,0,0,0,0,0,0,0,0,0,0,0,0,0,0,0,0,2,11,2020,13:53:19,2000,2000,2000.0,month,0,0,1,2.0,0,0,2,336,0,1,0,0,0,0,18
26,6,0,0,0,0,0,0,0,0,0,0,0,0,0,0,0,0,0,0,0,0,0,0,0,0,0,0,0,0,0,0,0,0,0,0,0,0,0,0,0,0,1,0,0,0,0,0,0,0,0,0,0,0,2,11,2020,13:53:21,3500,3500,3500.0,month,0,0,0,3.0,0,0,2,64,0,0,0,0,0,0,63
27,0,0,0,0,0,0,0,0,0,0,0,0,0,0,0,0,0,0,0,0,0,0,0,0,0,0,0,0,0,0,0,0,0,0,0,0,0,0,0,0,0,0,0,0,0,0,0,0,0,0,0,0,0,2,11,2020,13:53:22,12000,12000,12000.0,month,0,0,0,6.0,0,0,6,339,0,0,0,0,0,0,99
28,1,0,0,0,0,0,0,0,0,0,0,0,0,0,0,0,0,0,0,0,1,0,0,0,0,0,0,0,0,0,0,0,0,0,0,0,0,0,0,0,0,0,0,0,0,0,0,0,0,0,0,0,0,2,11,2020,13:53:22,8000,12000,10000.0,month,0,0,0,2.0,1,0,6,213,1,1,0,0,1,1,89
29,1,0,0,0,0,0,0,0,0,0,0,0,0,0,0,0,0,0,0,0,0,0,0,0,0,0,0,0,0,0,0,0,0,0,0,1,0,0,0,0,0,0,0,0,0,0,0,0,0,0,0,0,0,2,11,2020,13:53:23,10000,10000,10000.0,month,0,0,0,3.0,1,0,2,126,1,1,0,0,1,0,72
30,0,0,0,0,0,0,0,0,0,0,0,0,0,0,0,0,0,0,0,0,0,0,0,0,0,0,0,0,0,0,0,0,0,0,0,0,0,0,0,0,0,0,0,0,0,0,0,0,0,0,0,0,0,2,11,2020,13:53:24,8000,8000,8000.0,month,0,0,0,3.0,0,0,2,366,0,1,0,0,0,0,18
31,4,0,0,0,0,0,0,0,0,0,0,0,0,0,0,0,0,0,1,1,0,0,1,0,0,0,0,0,0,1,0,0,0,0,0,0,0,0,0,0,0,0,0,0,0,0,0,0,0,0,0,0,0,2,11,2020,13:53:25,3000,5000,4000.0,month,0,0,0,3.0,0,0,2,270,1,1,0,0,0,1,18
32,0,0,0,0,0,0,0,0,0,0,0,0,0,0,0,0,0,0,0,0,0,0,0,0,0,0,0,0,0,0,0,0,0,0,0,0,0,0,0,0,0,0,0,0,0,0,0,0,0,0,0,0,0,2,11,2020,13:53:26,3000,5000,4000.0,month,0,0,0,3.0,0,0,2,270,1,1,0,0,0,1,99
33,4,0,0,1,1,0,0,0,0,0,0,0,0,0,0,0,1,0,0,0,0,0,0,0,0,0,0,0,0,0,0,0,0,0,0,0,0,0,0,0,0,0,0,0,0,0,0,0,0,0,0,0,0,2,11,2020,13:53:26,3000,5000,4000.0,month,0,0,0,3.0,0,0,2,270,1,1,0,0,0,1,70
34,0,0,0,0,0,0,0,0,0,0,0,0,0,0,0,0,0,0,0,0,0,0,0,0,0,0,0,0,0,0,0,0,0,0,0,0,0,0,0,0,0,0,0,0,0,0,0,0,0,0,0,0,0,2,11,2020,13:53:29,3000,5000,4000.0,month,0,0,0,3.0,0,0,2,270,1,1,0,0,0,1,72
35,7,0,0,0,0,0,0,0,0,0,0,0,0,0,0,0,0,0,1,1,0,0,1,0,1,1,0,0,0,1,0,0,0,0,0,0,0,0,0,0,0,0,0,0,0,0,1,0,0,0,0,0,0,2,11,2020,13:53:29,3000,5000,4000.0,month,0,0,0,3.0,0,0,2,270,1,1,0,0,0,1,48
36,4,0,0,0,0,0,0,0,0,0,0,0,0,0,0,0,0,0,1,0,0,0,1,0,0,1,0,0,0,1,0,0,0,0,0,0,0,0,0,0,0,0,0,0,0,0,0,0,0,0,0,0,0,2,11,2020,13:53:30,3000,5000,4000.0,month,0,0,0,3.0,0,0,2,270,1,1,0,0,0,1,89
37,0,0,0,0,0,0,0,0,0,0,0,0,0,0,0,0,0,0,0,0,0,0,0,0,0,0,0,0,0,0,0,0,0,0,0,0,0,0,0,0,0,0,0,0,0,0,0,0,0,0,0,0,0,2,11,2020,13:53:31,8000,8000,8000.0,month,0,0,0,3.0,1,0,2,366,0,1,0,0,1,0,18
38,2,0,0,0,0,0,0,0,0,0,0,0,0,0,0,0,0,0,0,0,1,0,0,0,0,0,0,1,0,0,0,0,0,0,0,0,0,0,0,0,0,0,0,0,0,0,0,0,0,0,0,0,0,2,11,2020,13:53:32,2000,2000,2000.0,month,0,0,0,1.0,0,0,0,79,1,1,1,0,0,1,98
39,4,0,0,0,0,1,1,0,0,0,0,0,0,0,0,0,1,0,0,0,0,0,0,0,0,0,0,0,1,0,0,0,0,0,0,0,0,0,0,0,0,0,0,0,0,0,0,0,0,0,0,0,0,2,11,2020,13:53:32,11000,11000,11000.0,month,0,0,0,6.0,0,0,2,325,1,1,1,1,0,1,70
40,4,0,0,0,0,1,1,0,0,0,0,0,0,0,0,0,1,0,0,0,0,0,0,0,0,0,0,0,1,0,0,0,0,0,0,0,0,0,0,0,0,0,0,0,0,0,0,0,0,0,0,0,0,2,11,2020,13:53:36,11000,11000,11000.0,month,0,0,0,6.0,0,0,2,325,1,1,1,1,0,1,70
41,0,0,0,0,0,0,0,0,0,0,0,0,0,0,0,0,0,0,0,0,0,0,0,0,0,0,0,0,0,0,0,0,0,0,0,0,0,0,0,0,0,0,0,0,0,0,0,0,0,0,0,0,0,2,11,2020,13:53:36,20000,20000,20000.0,month,0,0,0,6.0,0,0,2,274,0,1,0,0,0,0,21
42,1,0,0,0,0,0,0,0,0,0,0,0,0,0,0,0,0,0,0,0,0,0,0,0,0,0,0,0,1,0,0,0,0,0,0,0,0,0,0,0,0,0,0,0,0,0,0,0,0,0,0,0,0,2,11,2020,13:53:38,5000,10000,7500.0,month,0,0,0,3.0,0,0,2,148,1,1,1,1,0,1,61
43,4,0,0,1,1,0,1,1,0,0,0,0,0,0,0,0,0,0,0,0,0,0,0,0,0,0,0,0,0,0,0,0,0,0,0,0,0,0,0,0,0,0,0,0,0,0,0,0,0,0,0,0,0,2,11,2020,13:53:38,10000,15000,12500.0,month,0,0,0,3.0,1,0,4,259,1,1,1,0,1,1,70
44,0,0,0,0,0,0,0,0,0,0,0,0,0,0,0,0,0,0,0,0,0,0,0,0,0,0,0,0,0,0,0,0,0,0,0,0,0,0,0,0,0,0,0,0,0,0,0,0,0,0,0,0,0,2,11,2020,13:53:39,8000,10000,9000.0,month,0,0,0,6.0,1,0,2,145,1,1,0,0,1,0,27
45,0,0,0,0,0,0,0,0,0,0,0,0,0,0,0,0,0,0,0,0,0,0,0,0,0,0,0,0,0,0,0,0,0,0,0,0,0,0,0,0,0,0,0,0,0,0,0,0,0,0,0,0,0,2,11,2020,13:53:40,5000,5000,5000.0,month,0,0,0,3.0,0,0,2,227,0,1,0,0,0,0,75
46,2,0,0,0,0,0,0,0,0,0,0,0,0,0,0,0,0,0,0,0,0,0,0,0,0,0,0,0,0,0,0,0,0,0,0,0,0,0,0,0,0,0,0,0,0,0,0,0,0,0,0,0,1,2,11,2020,13:53:41,2000,2000,2000.0,month,0,0,1,4.0,1,0,4,116,1,1,0,0,1,1,152
47,2,0,0,0,0,0,0,0,0,0,0,0,0,0,0,0,0,0,0,0,0,0,0,0,0,0,0,0,0,0,0,0,0,0,0,1,0,0,0,0,0,0,0,0,0,0,0,1,0,0,0,0,0,2,11,2020,13:53:42,2000,2000,2000.0,lump_sum,0,0,0,1.0,1,0,0,82,1,1,1,0,1,1,89
48,0,0,0,0,0,0,0,0,0,0,0,0,0,0,0,0,0,0,0,0,0,0,0,0,0,0,0,0,0,0,0,0,0,0,0,0,0,0,0,0,0,0,0,0,0,0,0,0,0,0,0,0,0,2,11,2020,13:53:46,15000,25000,20000.0,month,0,0,0,6.0,1,0,2,359,0,0,0,0,1,0,18
49,2,0,0,0,0,0,0,0,0,0,0,0,0,0,0,0,0,0,0,0,0,0,0,0,0,0,0,0,1,0,0,0,0,0,0,0,0,0,0,0,0,1,0,0,0,0,0,0,0,0,0,0,0,2,11,2020,13:53:47,18000,18000,18000.0,month,0,0,0,3.0,0,0,2,62,0,0,1,0,0,1,128
50,0,0,0,0,0,0,0,0,0,0,0,0,0,0,0,0,0,0,0,0,0,0,0,0,0,0,0,0,0,0,0,0,0,0,0,0,0,0,0,0,0,0,0,0,0,0,0,0,0,0,0,0,0,2,11,2020,13:53:47,8000,12000,10000.0,month,0,0,0,2.0,0,0,2,121,0,0,0,0,0,0,18
51,3,0,0,0,0,0,0,0,0,0,0,0,0,0,0,0,0,0,0,0,0,0,1,0,1,0,0,0,0,1,0,0,0,0,0,0,0,0,0,0,0,0,0,0,0,0,0,0,0,0,0,0,0,2,11,2020,13:53:48,8000,8000,8000.0,month,0,0,0,3.0,0,0,2,131,0,1,0,0,0,0,48
52,2,0,0,0,0,0,0,0,0,0,0,0,0,0,0,0,0,0,0,0,0,0,0,0,0,0,0,0,0,0,0,0,0,0,1,0,1,0,0,0,0,0,0,0,0,0,0,0,0,0,0,0,0,2,11,2020,13:53:49,4000,9000,6500.0,month,0,0,0,3.0,1,0,2,146,0,1,0,0,1,1,18
53,0,0,0,0,0,0,0,0,0,0,0,0,0,0,0,0,0,0,0,0,0,0,0,0,0,0,0,0,0,0,0,0,0,0,0,0,0,0,0,0,0,0,0,0,0,0,0,0,0,0,0,0,0,2,11,2020,13:53:50,4000,4000,4000.0,month,0,0,0,2.0,1,0,2,181,1,1,0,0,1,0,99
54,8,0,0,0,1,1,1,0,0,0,0,0,0,0,0,0,0,1,1,0,0,0,0,0,0,0,1,0,1,0,0,0,0,0,0,0,0,0,0,0,0,0,0,0,0,0,1,0,0,0,0,0,0,2,11,2020,13:53:50,15000,15000,15000.0,month,0,0,0,3.0,0,0,6,278,1,1,0,0,0,1,126
55,4,0,0,0,0,0,0,0,0,0,0,0,0,0,0,0,0,0,0,0,0,0,0,0,0,0,0,0,1,0,0,0,0,0,0,0,0,0,1,0,0,0,1,0,0,0,0,0,0,0,0,0,0,2,11,2020,13:53:52,10000,10000,10000.0,month,0,0,0,3.0,0,0,2,74,1,1,0,0,0,0,151
56,0,0,0,0,0,0,0,0,0,0,0,0,0,0,0,0,0,0,0,0,0,0,0,0,0,0,0,0,0,0,0,0,0,0,0,0,0,0,0,0,0,0,0,0,0,0,0,0,0,0,0,0,0,2,11,2020,13:53:53,2000,2000,2000.0,month,0,0,0,3.0,0,0,2,134,1,1,0,0,0,0,2
57,1,0,0,0,0,0,0,0,0,0,0,0,0,0,0,0,0,0,0,0,0,0,1,0,0,0,0,0,0,0,0,0,0,0,0,0,0,0,0,0,0,0,0,0,0,0,0,0,0,0,0,0,0,2,11,2020,13:53:54,10000,10000,10000.0,month,0,0,0,3.0,0,0,2,191,1,1,0,0,0,0,126
58,2,0,0,0,0,0,0,0,0,0,0,0,0,0,0,0,0,0,0,0,0,0,0,0,0,0,0,0,0,0,0,0,0,0,1,0,1,0,0,0,0,0,0,0,0,0,0,0,0,0,0,0,0,2,11,2020,13:53:54,10000,10000,10000.0,month,0,0,0,3.0,0,0,4,191,1,1,0,0,0,0,18
59,3,0,0,0,0,0,0,0,0,0,0,0,0,0,0,0,0,0,0,0,1,1,0,0,0,0,0,0,1,0,0,0,0,0,0,0,0,0,0,0,0,0,0,0,0,0,0,0,0,0,0,0,0,2,11,2020,13:53:55,10000,10000,10000.0,month,0,0,0,6.0,0,0,2,25,1,1,0,0,0,1,99
60,3,0,0,0,0,0,0,0,0,0,0,0,0,0,0,0,0,0,0,0,1,1,0,0,0,0,0,0,1,0,0,0,0,0,0,0,0,0,0,0,0,0,0,0,0,0,0,0,0,0,0,0,0,2,11,2020,13:53:57,10000,10000,10000.0,month,0,0,0,6.0,1,0,2,25,1,1,0,0,1,1,99
61,0,0,0,0,0,0,0,0,0,0,0,0,0,0,0,0,0,0,0,0,0,0,0,0,0,0,0,0,0,0,0,0,0,0,0,0,0,0,0,0,0,0,0,0,0,0,0,0,0,0,0,0,0,2,11,2020,13:53:57,10000,15000,12500.0,month,0,0,0,6.0,0,0,2,36,0,1,0,0,0,0,137
62,1,0,0,0,0,0,0,0,0,0,0,0,0,0,0,0,0,0,0,0,0,0,0,0,0,0,0,0,1,0,0,0,0,0,0,0,0,0,0,0,0,0,0,0,0,0,0,0,0,0,0,0,0,2,11,2020,13:53:58,10000,12000,11000.0,month,0,0,0,6.0,0,0,2,168,1,1,0,0,0,1,120
63,0,0,0,0,0,0,0,0,0,0,0,0,0,0,0,0,0,0,0,0,0,0,0,0,0,0,0,0,0,0,0,0,0,0,0,0,0,0,0,0,0,0,0,0,0,0,0,0,0,0,0,0,0,2,11,2020,13:53:59,8000,15000,11500.0,month,0,0,0,3.0,1,0,2,303,1,0,0,0,1,1,89
64,3,0,0,0,0,0,0,0,0,0,0,0,0,0,0,0,0,0,0,0,1,0,0,0,0,0,0,0,0,0,0,0,0,0,0,1,0,0,0,0,0,0,0,0,0,0,0,1,0,0,0,0,0,2,11,2020,13:54:00,5000,5000,5000.0,month,0,0,0,2.0,0,0,2,149,0,1,0,0,0,0,72
65,2,0,0,0,0,0,0,0,0,0,0,0,0,0,0,0,0,0,0,0,1,0,0,0,0,0,0,0,0,0,0,0,0,0,0,1,0,0,0,0,0,0,0,0,0,0,0,0,0,0,0,0,0,2,11,2020,13:54:01,5000,5000,5000.0,month,0,0,0,3.0,0,0,2,56,1,1,0,0,0,0,18
66,4,0,0,0,0,0,0,0,0,0,0,0,0,0,0,1,0,0,0,0,1,1,0,0,0,0,0,0,0,0,0,0,0,0,1,0,0,0,0,0,0,0,0,0,0,0,0,0,0,0,0,0,0,2,11,2020,13:54:03,8000,10000,9000.0,month,0,0,0,6.0,1,0,2,24,1,1,0,0,1,1,76
67,1,0,0,0,0,0,0,0,0,0,0,0,0,0,0,0,0,0,0,0,0,0,0,0,0,0,0,0,1,0,0,0,0,0,0,0,0,0,0,0,0,0,0,0,0,0,0,0,0,0,0,0,0,2,11,2020,13:54:04,15000,15000,15000.0,month,0,0,0,6.0,0,0,2,240,0,1,1,0,0,1,10
68,0,0,0,0,0,0,0,0,0,0,0,0,0,0,0,0,0,0,0,0,0,0,0,0,0,0,0,0,0,0,0,0,0,0,0,0,0,0,0,0,0,0,0,0,0,0,0,0,0,0,0,0,0,2,11,2020,13:54:04,8000,10000,9000.0,month,0,0,0,1.0,0,0,2,48,0,1,0,0,0,1,52
69,0,0,0,0,0,0,0,0,0,0,0,0,0,0,0,0,0,0,0,0,0,0,0,0,0,0,0,0,0,0,0,0,0,0,0,0,0,0,0,0,0,0,0,0,0,0,0,0,0,0,0,0,0,2,11,2020,13:54:05,2000,2000,2000.0,month,0,0,1,4.0,0,0,6,116,1,1,0,0,0,1,126
70,4,0,0,0,0,0,0,0,0,0,0,0,0,0,1,0,0,0,0,0,1,1,0,0,0,0,0,0,0,0,0,0,1,0,0,0,0,0,0,0,0,0,0,0,0,0,0,0,0,0,0,0,0,2,11,2020,13:54:06,7000,10000,8500.0,month,0,0,0,2.0,1,0,2,223,1,1,0,0,1,0,38
71,1,0,0,0,0,0,1,0,0,0,0,0,0,0,0,0,0,0,0,0,0,0,0,0,0,0,0,0,0,0,0,0,0,0,0,0,0,0,0,0,0,0,0,0,0,0,0,0,0,0,0,0,0,2,11,2020,13:54:07,6000,7000,6500.0,month,0,0,0,2.0,1,0,2,352,1,1,1,0,1,1,70
72,0,0,0,0,0,0,0,0,0,0,0,0,0,0,0,0,0,0,0,0,0,0,0,0,0,0,0,0,0,0,0,0,0,0,0,0,0,0,0,0,0,0,0,0,0,0,0,0,0,0,0,0,0,2,11,2020,13:54:08,25000,25000,25000.0,month,0,0,0,6.0,0,0,2,91,0,0,0,0,0,0,36
73,1,0,0,0,0,0,0,0,0,0,0,0,0,0,0,0,0,0,0,0,0,0,0,0,0,0,0,0,0,0,0,0,0,0,0,0,0,0,0,0,0,0,0,0,0,0,0,1,0,0,0,0,0,2,11,2020,13:54:09,8000,12000,10000.0,month,0,0,0,3.0,0,0,2,365,1,1,0,0,0,0,18
74,3,1,0,0,0,0,0,0,0,0,1,0,0,0,0,0,0,0,0,0,0,0,0,0,0,0,0,0,0,0,0,0,0,0,0,0,0,0,0,0,0,0,0,0,0,0,0,0,0,0,0,0,0,2,11,2020,13:54:10,10000,10000,10000.0,month,0,0,0,2.0,1,0,2,0,1,1,0,0,1,0,75
75,2,0,0,0,0,0,0,0,0,0,0,0,0,0,0,0,0,0,0,0,0,0,0,0,0,0,0,0,1,0,0,0,0,0,0,0,0,0,0,0,1,0,0,0,0,0,0,0,0,0,0,0,0,2,11,2020,13:54:11,8000,13000,10500.0,month,0,0,0,2.0,1,0,2,34,1,1,1,1,1,1,106
76,2,0,0,0,0,0,0,0,0,0,0,0,0,0,0,0,0,0,0,0,0,0,0,0,0,0,0,0,0,0,0,0,0,0,1,1,0,0,0,0,0,0,0,0,0,0,0,0,0,0,0,0,0,2,11,2020,13:54:11,7000,7000,7000.0,month,0,0,1,2.0,0,0,2,355,1,1,1,0,0,0,89
77,1,0,0,0,0,0,0,0,0,0,0,0,0,0,0,0,0,0,0,0,0,0,0,0,0,0,0,0,0,0,0,0,0,0,0,0,0,0,0,0,0,1,0,0,0,0,0,0,0,0,0,0,0,2,11,2020,13:54:14,5000,5000,5000.0,month,0,0,0,3.0,0,0,2,30,1,1,0,0,0,0,13
78,4,0,0,0,0,0,0,0,0,0,0,0,0,0,0,0,0,0,1,0,0,0,0,0,0,0,0,0,0,0,0,0,0,0,0,0,0,0,0,0,0,0,0,0,0,1,1,1,0,0,0,0,0,2,11,2020,13:54:15,5000,5000,5000.0,month,0,0,0,3.0,0,0,2,367,1,1,1,0,0,1,48
79,4,0,0,0,0,0,0,0,0,0,0,0,0,0,0,0,0,0,0,0,1,0,0,0,0,0,0,0,1,0,0,0,0,0,0,1,0,0,0,0,0,0,0,0,0,0,0,0,1,0,0,0,0,2,11,2020,13:54:15,10000,10000,10000.0,month,0,0,0,6.0,0,0,2,290,0,1,0,0,0,0,60
80,4,0,0,0,0,0,0,0,0,0,0,0,0,0,0,0,0,0,1,0,0,0,0,0,0,0,0,0,0,0,0,0,0,0,0,0,0,0,0,0,0,0,0,0,0,1,1,1,0,0,0,0,0,2,11,2020,13:54:18,5000,5000,5000.0,month,0,0,0,3.0,0,0,2,367,1,1,1,0,0,1,48
81,4,0,0,0,0,0,0,0,0,0,0,0,0,0,0,0,0,0,0,0,1,0,0,0,0,0,0,0,1,0,0,0,0,0,0,1,0,0,0,0,0,0,0,0,0,0,0,0,1,0,0,0,0,2,11,2020,13:54:19,10000,10000,10000.0,month,0,0,0,6.0,0,0,2,290,0,1,0,0,0,0,60
82,5,0,0,0,0,0,0,0,0,0,0,0,0,0,0,0,0,0,1,1,0,0,1,0,0,0,0,0,0,1,0,0,0,0,0,0,0,0,0,0,0,0,0,0,0,1,0,0,0,0,0,0,0,2,11,2020,13:54:22,2000,2000,2000.0,month,0,0,0,1.0,0,0,6,343,0,1,0,0,0,1,89
83,4,0,0,0,0,0,0,0,0,0,0,0,0,0,0,0,0,0,0,1,1,0,0,0,0,0,0,0,1,0,0,0,0,0,1,0,0,0,0,0,0,0,0,0,0,0,0,0,0,0,0,0,0,2,11,2020,13:54:23,5000,5000,5000.0,month,0,0,0,6.0,1,0,2,80,1,1,1,1,1,1,18
84,3,0,0,0,0,0,0,0,0,0,0,0,0,0,0,0,0,0,0,0,1,1,0,0,0,0,0,0,1,0,0,0,0,0,0,0,0,0,0,0,0,0,0,0,0,0,0,0,0,0,0,0,0,2,11,2020,13:54:23,3000,5000,4000.0,month,0,0,0,2.0,1,0,2,10,1,1,0,0,1,1,18
85,0,0,0,0,0,0,0,0,0,0,0,0,0,0,0,0,0,0,0,0,0,0,0,0,0,0,0,0,0,0,0,0,0,0,0,0,0,0,0,0,0,0,0,0,0,0,0,0,0,0,0,0,0,2,11,2020,13:54:24,10000,15000,12500.0,month,0,0,0,6.0,0,0,2,36,0,1,0,0,0,1,37
86,4,0,0,0,0,0,0,0,0,0,0,0,0,0,0,0,0,0,0,0,1,1,0,0,0,0,0,0,1,0,0,0,0,0,0,1,0,0,0,0,0,0,0,0,0,0,0,0,0,0,0,0,0,2,11,2020,13:54:25,9500,9500,9500.0,month,0,0,0,3.0,1,0,2,321,1,1,1,0,1,0,18
87,4,0,0,0,0,0,0,0,0,0,0,0,0,0,1,0,0,0,0,0,1,0,0,0,0,0,0,0,0,0,0,0,0,0,1,0,0,0,0,0,0,0,0,0,0,0,0,0,0,0,0,0,0,2,11,2020,13:54:26,12000,12000,12000.0,month,0,0,0,6.0,0,0,2,51,1,0,0,0,0,0,99
88,2,0,0,0,0,0,0,0,0,0,0,0,0,0,0,0,0,0,0,0,0,0,0,0,0,0,0,0,0,0,0,0,0,0,0,0,0,0,0,0,0,1,0,0,0,0,0,0,0,0,0,0,0,2,11,2020,13:54:26,5000,5000,5000.0,month,0,0,0,6.0,0,0,2,120,0,1,1,0,0,0,140
89,2,0,0,0,0,0,0,0,0,0,0,0,0,0,0,0,0,0,1,0,0,0,0,0,0,0,0,0,0,0,0,0,0,0,0,0,0,0,0,0,0,0,0,0,1,0,0,0,0,0,0,0,0,2,11,2020,13:54:27,12000,12000,12000.0,month,0,0,1,2.0,1,0,2,111,1,1,0,0,1,0,18
90,0,0,0,0,0,0,0,0,0,0,0,0,0,0,0,0,0,0,0,0,0,0,0,0,0,0,0,0,0,0,0,0,0,0,0,0,0,0,0,0,0,0,0,0,0,0,0,0,0,0,0,0,0,2,11,2020,13:54:28,17500,17500,17500.0,month,0,0,0,6.0,0,0,2,20,0,0,1,0,0,0,29
91,5,0,0,0,0,0,0,0,0,0,0,0,0,0,0,0,0,0,0,0,1,1,0,0,0,0,0,1,1,0,0,0,1,0,0,0,0,0,0,0,0,0,0,0,0,0,0,0,0,0,0,0,0,2,11,2020,13:54:29,3000,3000,3000.0,month,0,0,0,2.0,0,0,2,153,1,1,0,0,0,1,18
92,0,0,0,0,0,0,0,0,0,0,0,0,0,0,0,0,0,0,0,0,0,0,0,0,0,0,0,0,0,0,0,0,0,0,0,0,0,0,0,0,0,0,0,0,0,0,0,0,0,0,0,0,0,2,11,2020,13:54:30,5000,10000,7500.0,month,0,0,0,2.0,0,0,2,148,0,1,1,1,0,1,89
93,0,0,0,0,0,0,0,0,0,0,0,0,0,0,0,0,0,0,0,0,0,0,0,0,0,0,0,0,0,0,0,0,0,0,0,0,0,0,0,0,0,0,0,0,0,0,0,0,0,0,0,0,0,2,11,2020,13:54:31,5000,7000,6000.0,month,0,0,0,2.0,0,0,2,142,1,1,1,0,0,1,36
94,1,0,0,0,0,0,0,0,0,0,0,0,0,0,0,0,0,0,0,0,0,0,0,0,0,0,0,0,1,0,0,0,0,0,0,0,0,0,0,0,0,0,0,0,0,0,0,0,0,0,0,0,0,2,11,2020,13:54:31,4000,4000,4000.0,month,0,0,0,2.0,0,0,2,363,1,1,0,0,0,0,70
95,2,0,0,0,0,0,0,0,0,0,0,0,0,0,0,0,0,0,0,0,0,0,0,0,0,0,0,0,0,0,0,0,0,0,0,0,1,0,0,0,0,0,0,0,0,0,0,1,0,0,0,0,0,2,11,2020,13:54:32,0,0,0.0,none,0,1,0,2.0,0,0,1,57,1,1,0,0,0,1,20
96,0,0,0,0,0,0,0,0,0,0,0,0,0,0,0,0,0,0,0,0,0,0,0,0,0,0,0,0,0,0,0,0,0,0,0,0,0,0,0,0,0,0,0,0,0,0,0,0,0,0,0,0,0,2,11,2020,13:54:33,15000,20000,17500.0,month,0,0,0,6.0,0,0,2,276,0,1,0,0,0,0,18
97,5,0,0,1,1,1,1,0,1,0,0,0,0,0,0,0,0,0,0,0,0,0,0,0,0,0,0,0,0,0,0,0,0,0,0,0,0,0,0,0,0,0,0,0,0,0,0,0,0,0,0,0,0,2,11,2020,13:54:34,15000,20000,17500.0,month,0,0,0,3.0,0,0,2,244,0,0,0,0,0,0,70
98,0,0,0,0,0,0,0,0,0,0,0,0,0,0,0,0,0,0,0,0,0,0,0,0,0,0,0,0,0,0,0,0,0,0,0,0,0,0,0,0,0,0,0,0,0,0,0,0,0,0,0,0,0,2,11,2020,13:54:34,8000,8000,8000.0,month,0,0,0,3.0,1,0,2,140,1,1,0,0,1,1,99
99,4,0,0,1,0,1,1,1,0,0,0,0,0,0,0,0,0,0,0,0,0,0,0,0,0,0,0,0,0,0,0,0,0,0,0,0,0,0,0,0,0,0,0,0,0,0,0,0,0,0,0,0,0,2,11,2020,13:54:35,7500,7500,7500.0,month,0,0,0,6.0,1,0,2,147,1,1,0,0,1,0,70
100,3,0,0,0,0,0,0,0,0,0,0,0,0,0,0,0,0,0,0,0,0,0,0,0,0,0,0,0,1,0,0,0,0,0,0,1,0,1,0,0,0,0,0,0,0,0,0,0,0,0,0,0,0,2,11,2020,13:54:36,10000,10000,10000.0,month,0,0,0,6.0,0,0,2,18,1,1,1,1,0,1,36
101,1,0,0,0,0,0,0,0,0,0,0,0,0,0,0,0,0,0,0,0,0,0,0,0,0,0,0,0,1,0,0,0,0,0,0,0,0,0,0,0,0,0,0,0,0,0,0,0,0,0,0,0,0,2,11,2020,13:54:37,20000,20000,20000.0,month,0,0,0,3.0,0,0,2,73,0,1,1,1,0,1,18
102,4,0,0,0,0,0,0,0,0,0,0,0,0,0,0,0,0,0,0,0,0,0,1,0,0,0,0,0,1,1,0,0,0,0,0,0,0,0,0,0,0,0,0,0,0,0,0,1,0,0,0,0,0,2,11,2020,13:54:38,3000,3000,3000.0,month,0,0,0,2.0,0,0,2,153,1,1,0,0,0,1,126
103,7,0,0,0,0,0,0,0,0,0,0,0,0,0,0,0,0,0,0,0,0,0,0,0,0,0,0,0,1,0,0,1,0,0,0,0,0,0,1,0,0,0,1,0,0,0,0,0,0,0,0,0,0,2,11,2020,13:54:38,10000,14000,12000.0,month,0,0,0,6.0,1,0,2,266,1,1,0,0,1,0,151
104,0,0,0,0,0,0,0,0,0,0,0,0,0,0,0,0,0,0,0,0,0,0,0,0,0,0,0,0,0,0,0,0,0,0,0,0,0,0,0,0,0,0,0,0,0,0,0,0,0,0,0,0,0,2,11,2020,13:54:39,8000,8000,8000.0,month,0,0,0,3.0,1,0,2,366,0,1,0,0,1,0,18
105,6,0,0,0,0,0,0,0,0,0,0,0,0,0,0,1,0,1,0,0,0,1,0,0,0,0,0,0,1,0,0,0,0,0,0,0,0,0,0,0,0,0,0,0,0,1,1,0,0,0,0,0,0,2,11,2020,13:54:40,3000,3000,3000.0,month,0,0,0,2.0,0,0,2,153,1,1,0,0,0,1,36
106,1,0,0,0,0,0,0,0,0,0,0,0,0,0,0,0,0,0,0,0,0,0,0,0,0,0,0,0,1,0,0,0,0,0,0,0,0,0,0,0,0,0,0,0,0,0,0,0,0,0,0,0,0,2,11,2020,13:54:41,10000,15000,12500.0,month,0,0,0,3.0,1,0,2,109,1,1,1,0,1,1,36
107,0,0,0,0,0,0,0,0,0,0,0,0,0,0,0,0,0,0,0,0,0,0,0,0,0,0,0,0,0,0,0,0,0,0,0,0,0,0,0,0,0,0,0,0,0,0,0,0,0,0,0,0,0,2,11,2020,13:54:42,18000,20000,19000.0,month,0,0,0,3.0,0,0,2,104,0,0,0,0,0,0,141
108,0,0,0,0,0,0,0,0,0,0,0,0,0,0,0,0,0,0,0,0,0,0,0,0,0,0,0,0,0,0,0,0,0,0,0,0,0,0,0,0,0,0,0,0,0,0,0,0,0,0,0,0,0,2,11,2020,13:54:43,5000,10000,7500.0,month,0,0,0,3.0,0,0,2,365,0,0,0,0,0,0,89
109,5,0,0,1,0,1,1,0,1,0,0,0,0,0,0,0,0,0,0,0,0,0,0,0,0,0,0,0,1,0,0,0,0,0,0,0,0,0,0,0,0,0,0,0,0,0,0,0,0,0,0,0,0,2,11,2020,13:54:43,3000,3000,3000.0,month,0,0,0,2.0,0,0,2,153,1,1,0,0,0,1,70
110,1,0,0,0,0,0,0,0,0,0,0,0,0,0,0,0,0,0,0,0,1,0,0,0,0,0,0,0,0,0,0,0,0,0,0,0,0,0,0,0,0,0,0,0,0,0,0,0,0,0,0,0,0,2,11,2020,13:54:44,7000,10000,8500.0,month,0,0,0,3.0,0,0,2,365,0,1,0,0,0,0,72
111,3,0,0,0,0,0,0,0,0,0,0,0,0,0,0,0,0,1,1,0,0,0,0,0,0,0,0,0,0,0,0,0,0,0,0,0,0,0,0,0,0,0,0,0,0,0,1,0,0,0,0,0,0,2,11,2020,13:54:45,10000,15000,12500.0,month,0,0,0,4.0,0,0,2,119,0,1,0,0,0,1,36
112,4,0,0,0,0,0,0,0,0,0,0,0,0,0,0,0,0,0,0,0,1,1,0,0,0,0,0,0,1,0,0,0,0,0,0,1,0,0,0,0,0,0,0,0,0,0,0,0,0,0,0,0,0,2,11,2020,13:54:46,10000,10000,10000.0,month,0,0,0,6.0,0,0,2,25,1,1,0,0,0,1,18
113,2,0,0,0,0,0,0,0,0,0,0,0,0,0,0,0,0,0,0,0,0,0,0,0,0,0,0,0,0,0,1,0,0,0,0,0,0,0,0,0,0,0,0,0,0,0,0,0,0,0,0,0,0,2,11,2020,13:54:47,15000,15000,15000.0,month,0,0,0,6.0,0,0,2,102,0,1,1,0,0,0,127
114,2,0,0,0,0,0,0,0,0,0,0,0,0,0,0,0,0,0,0,0,0,0,0,0,0,0,0,0,1,0,0,0,0,0,1,0,0,0,0,0,0,0,0,0,0,0,0,0,0,0,0,0,0,2,11,2020,13:54:48,7000,12000,9500.0,month,0,0,0,4.0,0,0,2,139,1,1,1,1,0,0,99
115,0,0,0,0,0,0,0,0,0,0,0,0,0,0,0,0,0,0,0,0,0,0,0,0,0,0,0,0,0,0,0,0,0,0,0,0,0,0,0,0,0,0,0,0,0,0,0,0,0,0,0,0,0,2,11,2020,13:54:49,10000,10000,10000.0,month,0,0,0,3.0,1,0,4,293,0,1,0,0,1,0,18
116,8,0,0,0,0,0,0,0,0,0,0,0,0,0,0,0,0,0,0,0,0,0,0,0,0,0,0,0,1,0,0,1,0,1,0,0,0,0,0,1,0,0,1,0,0,0,0,0,0,0,0,0,0,2,11,2020,13:54:49,6000,12000,9000.0,month,0,0,0,2.0,0,0,2,333,1,1,1,0,0,1,151
117,1,0,0,0,0,0,0,0,0,0,0,0,0,0,0,0,0,0,0,0,0,0,0,0,0,0,0,0,1,0,0,0,0,0,0,0,0,0,0,0,0,0,0,0,0,0,0,0,0,0,0,0,0,2,11,2020,13:54:50,15000,15000,15000.0,month,0,0,0,6.0,1,0,2,68,0,1,0,0,1,1,132
118,2,0,0,0,0,0,0,0,0,0,0,0,0,0,0,0,0,0,0,0,0,0,0,0,0,0,0,0,1,0,0,0,0,0,1,0,0,0,0,0,0,0,0,0,0,0,0,0,0,0,0,0,0,2,11,2020,13:54:51,6000,6000,6000.0,month,0,0,0,2.0,0,0,2,333,1,1,1,0,0,1,70
119,1,0,0,0,0,0,0,0,0,0,0,0,0,0,0,0,0,0,0,0,1,0,0,0,0,0,0,0,0,0,0,0,0,0,0,0,0,0,0,0,0,0,0,0,0,0,0,0,0,0,0,0,0,2,11,2020,13:54:52,9000,9000,9000.0,month,0,0,0,6.0,0,0,2,118,1,1,0,0,0,1,18
120,5,0,0,0,0,0,0,0,0,0,0,0,0,0,0,0,0,0,1,1,1,0,0,0,0,0,0,1,1,0,0,0,0,0,0,0,0,0,0,0,0,0,0,0,0,0,0,0,0,0,0,0,0,2,11,2020,13:54:55,10000,18000,14000.0,month,0,0,0,5.0,1,0,6,374,1,1,0,1,1,1,18
121,3,0,0,0,0,0,0,0,0,0,0,0,0,0,0,0,0,0,1,0,0,0,0,0,0,0,0,0,0,0,0,0,0,0,0,0,1,0,0,0,0,0,0,0,0,0,0,0,0,1,0,0,0,2,11,2020,13:54:55,5000,5000,5000.0,month,0,0,0,3.0,0,0,2,30,0,1,0,0,0,0,48
122,4,0,0,0,0,0,1,0,0,0,1,0,0,0,0,0,0,0,0,0,0,0,0,0,0,0,0,0,1,0,0,0,0,0,0,0,0,0,0,0,0,0,0,0,0,0,0,0,0,0,0,0,0,2,11,2020,13:54:56,5000,5000,5000.0,month,0,0,0,3.0,0,0,2,2,1,1,0,0,0,0,9
123,0,0,0,0,0,0,0,0,0,0,0,0,0,0,0,0,0,0,0,0,0,0,0,0,0,0,0,0,0,0,0,0,0,0,0,0,0,0,0,0,0,0,0,0,0,0,0,0,0,0,0,0,0,2,11,2020,13:54:57,6000,6000,6000.0,month,0,0,0,2.0,1,0,2,46,1,1,0,0,1,1,130
124,8,0,0,0,0,0,0,0,0,0,0,0,0,0,0,0,0,0,1,1,0,1,1,0,0,0,0,0,0,1,0,0,0,0,0,0,0,0,0,0,0,0,0,0,0,1,0,1,0,0,0,0,0,2,11,2020,13:54:58,5000,5000,5000.0,month,0,0,0,3.0,1,0,4,309,1,1,1,0,1,1,18
125,0,0,0,0,0,0,0,0,0,0,0,0,0,0,0,0,0,0,0,0,0,0,0,0,0,0,0,0,0,0,0,0,0,0,0,0,0,0,0,0,0,0,0,0,0,0,0,0,0,0,0,0,0,2,11,2020,13:54:58,10000,20000,15000.0,month,0,0,0,6.0,0,0,2,36,0,1,0,0,0,0,18
126,3,0,0,0,0,0,0,0,0,0,0,0,0,0,0,0,0,1,0,0,0,1,0,0,0,0,0,0,0,0,0,0,0,0,0,0,0,0,0,0,0,0,0,0,0,0,0,0,0,0,0,0,0,2,11,2020,13:55:00,12000,15000,13500.0,month,0,0,0,6.0,0,0,2,286,1,1,0,0,0,1,36
127,4,0,0,0,0,0,0,0,0,1,0,0,0,0,0,0,0,0,0,0,0,0,0,0,0,0,0,0,1,0,1,0,0,0,0,0,0,0,0,0,0,0,0,0,0,0,0,0,0,0,0,0,0,2,11,2020,13:55:00,7500,15000,11250.0,month,0,0,0,3.0,0,0,2,376,1,1,0,1,0,0,96
128,1,0,0,0,0,0,0,0,0,0,0,0,0,0,0,0,0,0,0,0,0,0,0,0,0,0,0,0,0,0,0,0,0,0,0,1,0,0,0,0,0,0,0,0,0,0,0,0,0,0,0,0,0,2,11,2020,13:55:02,8000,8000,8000.0,month,0,0,1,2.0,0,0,6,222,0,0,0,0,0,1,18
129,6,0,0,0,0,0,0,0,0,0,0,0,0,0,0,1,0,0,1,0,1,1,0,0,0,0,0,0,1,0,0,0,0,0,0,0,0,0,0,0,0,0,0,0,0,0,0,0,0,0,0,1,0,2,11,2020,13:55:02,10000,15000,12500.0,month,0,0,0,3.0,0,0,2,285,1,1,1,0,0,0,48
130,3,0,0,0,0,0,1,0,0,0,0,0,0,0,0,0,1,0,0,0,0,0,0,0,0,0,0,0,1,0,0,0,0,0,0,0,0,0,0,0,0,0,0,0,0,0,0,0,0,0,0,0,0,2,11,2020,13:55:03,10000,10000,10000.0,month,0,0,0,2.0,0,0,2,216,1,1,0,0,0,0,70
131,0,0,0,0,0,0,0,0,0,0,0,0,0,0,0,0,0,0,0,0,0,0,0,0,0,0,0,0,0,0,0,0,0,0,0,0,0,0,0,0,0,0,0,0,0,0,0,0,0,0,0,0,0,2,11,2020,13:55:04,6000,10000,8000.0,month,0,0,0,3.0,1,0,2,332,1,1,0,0,1,1,18
132,3,0,0,0,1,0,1,0,0,0,0,0,0,0,0,0,0,0,0,0,0,0,0,0,0,0,0,0,0,0,0,0,0,0,0,0,0,0,0,0,1,0,0,0,0,0,0,0,0,0,0,0,0,2,11,2020,13:55:05,3000,6000,4500.0,month,0,0,0,1.0,0,0,2,257,0,1,0,1,0,0,106
133,0,0,0,0,0,0,0,0,0,0,0,0,0,0,0,0,0,0,0,0,0,0,0,0,0,0,0,0,0,0,0,0,0,0,0,0,0,0,0,0,0,0,0,0,0,0,0,0,0,0,0,0,0,2,11,2020,13:55:05,10000,10000,10000.0,month,0,0,0,6.0,1,0,2,230,1,1,0,0,1,0,36
134,1,0,0,0,0,0,0,0,0,0,0,0,0,0,0,0,0,0,1,0,0,0,0,0,0,0,0,0,0,0,0,0,0,0,0,0,0,0,0,0,0,0,0,0,0,0,0,0,0,0,0,0,0,2,11,2020,13:55:06,14000,14000,14000.0,month,0,0,0,3.0,1,0,2,81,0,0,1,0,1,0,48
135,1,0,0,0,0,0,0,0,0,0,0,0,0,0,0,1,0,0,0,0,0,0,0,0,0,0,0,0,0,0,0,0,0,0,0,0,0,0,0,0,0,0,0,0,0,0,0,0,0,0,0,0,0,2,11,2020,13:55:07,10000,10000,10000.0,month,0,0,1,6.0,1,0,2,302,1,1,0,0,1,0,36
136,4,0,0,0,0,0,0,0,0,0,0,0,0,0,0,0,0,0,0,0,0,0,0,0,0,0,0,0,0,0,0,0,0,1,0,0,0,0,0,0,0,0,0,0,0,0,0,0,0,0,0,0,0,2,11,2020,13:55:08,15000,15000,15000.0,month,0,0,0,6.0,1,0,2,226,1,1,0,1,1,0,62
137,1,0,0,0,0,0,0,0,0,0,0,0,0,0,0,0,0,0,0,0,0,0,0,0,0,0,0,0,1,0,0,0,0,0,0,0,0,0,0,0,0,0,0,0,0,0,0,0,0,0,0,0,0,2,11,2020,13:55:08,5000,5000,5000.0,month,0,0,0,1.0,0,0,2,52,0,1,1,0,0,0,45
138,0,0,0,0,0,0,0,0,0,0,0,0,0,0,0,0,0,0,0,0,0,0,0,0,0,0,0,0,0,0,0,0,0,0,0,0,0,0,0,0,0,0,0,0,0,0,0,0,0,0,0,0,0,2,11,2020,13:55:11,5000,10000,7500.0,month,0,0,0,6.0,0,0,6,101,1,1,0,0,0,1,8
139,8,0,0,0,0,0,0,0,0,0,0,0,1,1,0,0,0,0,0,0,0,0,0,0,0,0,1,0,1,0,0,0,0,0,0,0,0,0,1,0,0,0,1,0,0,0,0,0,0,0,0,0,0,2,11,2020,13:55:12,15000,20000,17500.0,month,0,0,0,6.0,0,0,2,164,1,1,0,1,0,0,151
140,5,0,0,0,0,0,0,0,0,0,0,0,0,0,0,0,0,0,1,1,0,0,1,0,1,1,0,0,0,0,0,0,0,0,0,0,0,0,0,0,0,0,0,0,0,0,0,0,0,0,0,0,0,2,11,2020,13:55:13,3000,5000,4000.0,month,0,0,0,3.0,0,0,2,208,1,1,0,0,0,1,89
141,1,0,0,0,0,0,0,0,0,0,0,0,0,0,0,0,0,0,0,0,0,0,0,0,0,0,0,0,1,0,0,0,0,0,0,0,0,0,0,0,0,0,0,0,0,0,0,0,0,0,0,0,0,2,11,2020,13:55:14,15000,15000,15000.0,month,0,0,0,6.0,1,0,2,296,1,1,1,0,1,1,18
142,10,0,0,0,0,0,0,0,0,1,0,0,0,0,0,0,0,0,0,0,0,0,0,0,0,0,0,0,1,0,1,0,0,0,0,0,0,0,0,0,0,0,1,0,0,0,0,0,0,0,0,0,1,2,11,2020,13:55:15,6000,6000,6000.0,month,0,0,0,3.0,1,0,2,189,1,1,0,1,1,1,96
143,4,0,0,0,0,0,0,0,0,0,0,0,0,0,0,0,0,0,0,0,0,0,0,0,0,0,0,0,1,0,0,0,0,0,1,0,1,1,0,0,0,0,0,0,0,0,0,0,0,0,0,0,0,2,11,2020,13:55:16,5000,5000,5000.0,month,0,0,1,3.0,1,0,2,189,0,1,0,1,1,1,18
144,0,0,0,0,0,0,0,0,0,0,0,0,0,0,0,0,0,0,0,0,0,0,0,0,0,0,0,0,0,0,0,0,0,0,0,0,0,0,0,0,0,0,0,0,0,0,0,0,0,0,0,0,0,2,11,2020,13:55:17,10000,10000,10000.0,month,0,0,0,3.0,1,0,16,96,0,1,0,0,1,0,18
145,0,0,0,0,0,0,0,0,0,0,0,0,0,0,0,0,0,0,0,0,0,0,0,0,0,0,0,0,0,0,0,0,0,0,0,0,0,0,0,0,0,0,0,0,0,0,0,0,0,0,0,0,0,2,11,2020,13:55:17,10000,10000,10000.0,month,0,0,0,6.0,0,0,2,283,0,0,0,0,0,1,25
146,4,0,0,0,0,0,0,0,0,0,0,0,0,0,0,0,0,1,0,0,0,1,0,0,0,0,0,0,0,0,0,0,0,0,0,0,0,0,0,0,0,0,0,0,0,0,0,0,0,0,0,0,0,2,11,2020,13:55:18,0,0,0.0,none,1,0,0,3.0,0,0,6,334,1,1,1,0,0,1,36
147,1,0,0,0,0,0,0,0,0,0,1,0,0,0,0,0,0,0,0,0,0,0,0,0,0,0,0,0,0,0,0,0,0,0,0,0,0,0,0,0,0,0,0,0,0,0,0,0,0,0,0,0,0,2,11,2020,13:55:19,5000,5000,5000.0,month,0,0,0,3.0,1,0,2,337,1,1,0,0,1,1,27
148,5,0,0,0,0,0,0,0,0,0,0,0,0,0,0,0,0,0,0,1,1,1,0,0,0,0,0,0,1,0,0,0,0,0,0,0,0,0,0,0,0,0,0,0,0,0,0,1,0,0,0,0,0,2,11,2020,13:55:20,8000,8000,8000.0,month,0,0,0,3.0,1,0,2,92,0,1,1,0,1,0,18
149,0,0,0,0,0,0,0,0,0,0,0,0,0,0,0,0,0,0,0,0,0,0,0,0,0,0,0,0,0,0,0,0,0,0,0,0,0,0,0,0,0,0,0,0,0,0,0,0,0,0,0,0,0,2,11,2020,13:55:20,10000,15000,12500.0,month,0,0,0,3.0,1,0,2,206,1,1,0,0,1,1,126
150,4,0,0,0,0,0,0,0,0,0,0,0,0,0,0,0,0,0,0,0,1,1,0,0,0,0,0,1,1,0,0,0,0,0,0,0,0,0,0,0,0,0,0,0,0,0,0,0,0,0,0,0,0,2,11,2020,13:55:21,15000,20000,17500.0,month,0,0,0,3.0,0,0,2,89,1,1,0,0,0,0,137
151,1,0,0,0,0,0,0,0,0,0,0,0,0,0,0,0,0,0,0,0,0,0,0,0,0,0,0,0,0,0,0,0,0,0,0,0,0,1,0,0,0,0,0,0,0,0,0,0,0,0,0,0,0,2,11,2020,13:55:22,5000,8000,6500.0,month,0,0,0,2.0,0,0,2,185,1,1,0,0,0,1,36
152,5,0,0,0,0,0,0,0,0,0,0,0,0,0,0,0,0,0,1,0,1,1,0,0,0,0,0,0,1,0,0,0,0,0,1,0,0,0,0,0,0,0,0,0,0,0,0,0,0,0,0,0,0,2,11,2020,13:55:23,12000,12000,12000.0,month,0,0,0,2.0,1,0,2,137,1,1,0,1,1,0,89
153,1,0,0,0,0,0,0,0,0,0,0,0,0,0,0,0,0,0,0,0,0,0,0,0,0,0,0,0,1,0,0,0,0,0,0,0,0,0,0,0,0,0,0,0,0,0,0,0,0,0,0,0,0,2,11,2020,13:55:23,5000,5000,5000.0,month,0,0,0,1.0,0,0,2,183,0,1,0,0,0,0,99
154,1,0,0,0,0,0,0,0,0,0,0,0,0,0,0,0,0,0,0,0,0,0,0,0,0,0,0,0,1,0,0,0,0,0,0,0,0,0,0,0,0,0,0,0,0,0,0,0,0,0,0,0,0,2,11,2020,13:55:24,5000,5000,5000.0,month,0,0,0,6.0,0,0,2,348,0,1,0,1,0,0,93
155,1,0,0,0,0,0,0,0,0,0,0,0,0,0,0,0,0,0,0,0,0,0,0,0,0,0,0,0,0,0,0,0,0,0,0,0,0,0,0,0,1,0,0,0,0,0,0,0,0,0,0,0,0,2,11,2020,13:55:25,6000,6000,6000.0,lump_sum,0,0,0,3.0,0,0,2,112,1,0,0,0,0,0,101
156,0,0,0,0,0,0,0,0,0,0,0,0,0,0,0,0,0,0,0,0,0,0,0,0,0,0,0,0,0,0,0,0,0,0,0,0,0,0,0,0,0,0,0,0,0,0,0,0,0,0,0,0,0,2,11,2020,13:55:26,8000,8000,8000.0,month,0,0,0,6.0,0,0,2,184,0,1,0,0,0,0,106
157,3,0,0,0,0,0,0,0,0,0,0,1,0,0,0,1,0,0,0,0,0,1,0,0,0,0,0,0,0,0,0,0,0,0,0,0,0,0,0,0,0,0,0,0,0,0,0,0,0,0,0,0,0,2,11,2020,13:55:26,15000,15000,15000.0,month,0,0,0,6.0,0,0,2,141,0,0,0,0,0,0,36
158,5,0,0,0,0,0,0,0,0,0,0,0,0,0,0,0,0,0,0,0,1,1,0,0,0,0,0,1,0,0,0,0,0,0,1,0,0,1,0,0,0,0,0,0,0,0,0,0,0,0,0,0,0,2,11,2020,13:55:29,2000,2000,2000.0,month,0,0,1,2.0,0,0,16,192,1,1,0,0,0,1,18
159,8,1,0,0,0,1,1,0,0,0,0,0,0,0,0,0,1,0,1,0,0,0,0,0,0,0,0,0,1,0,0,0,0,0,0,0,0,0,0,0,0,0,0,0,0,1,0,1,0,0,0,0,0,2,11,2020,13:55:30,5000,5000,5000.0,month,0,0,0,2.0,0,0,2,249,0,0,0,1,0,0,126
160,1,0,0,0,0,0,0,0,0,0,0,0,0,0,0,0,0,0,0,0,0,0,0,0,0,0,0,0,0,0,0,0,0,0,0,0,0,0,0,0,0,0,0,0,0,0,0,0,0,0,0,0,0,2,11,2020,13:55:33,30000,30000,30000.0,month,0,0,0,2.0,0,0,2,373,0,0,1,0,0,0,99
161,0,0,0,0,0,0,0,0,0,0,0,0,0,0,0,0,0,0,0,0,0,0,0,0,0,0,0,0,0,0,0,0,0,0,0,0,0,0,0,0,0,0,0,0,0,0,0,0,0,0,0,0,0,2,11,2020,13:55:34,15000,15000,15000.0,month,0,0,0,6.0,0,0,2,279,0,1,0,0,0,1,126
162,5,0,0,0,0,0,0,0,0,1,0,0,0,0,0,0,0,0,0,0,0,0,0,1,0,0,0,0,1,0,0,0,0,0,0,0,0,0,0,0,0,1,0,0,0,0,0,0,0,0,0,0,0,2,11,2020,13:55:34,10000,10000,10000.0,month,0,0,0,3.0,1,0,2,16,1,1,1,1,1,1,96
163,2,0,0,0,0,0,0,0,0,0,0,0,0,0,0,0,0,0,0,0,0,0,0,0,0,0,0,0,0,0,0,0,0,0,1,1,0,0,0,0,0,0,0,0,0,0,0,0,0,0,0,0,0,2,11,2020,13:55:35,18000,18000,18000.0,month,0,0,0,6.0,0,0,2,91,0,1,0,0,0,0,72
164,1,0,0,0,0,0,0,0,0,0,0,0,0,0,0,0,0,0,0,0,0,0,0,0,0,0,0,0,1,0,0,0,0,0,0,0,0,0,0,0,0,0,0,0,0,0,0,0,0,0,0,0,0,2,11,2020,13:55:36,2000,5000,3500.0,month,0,0,0,3.0,1,0,6,299,0,1,1,0,1,1,82
165,1,0,0,0,0,0,0,0,0,0,0,0,0,0,0,0,0,0,0,0,0,0,0,0,0,0,0,0,0,0,1,0,0,0,0,0,0,0,0,0,0,0,0,0,0,0,0,0,0,0,0,0,0,2,11,2020,13:55:37,11000,11000,11000.0,month,0,0,0,6.0,0,0,2,125,0,0,0,0,0,0,113
166,1,0,0,0,0,0,0,0,0,0,0,0,0,0,0,0,0,0,0,0,0,0,0,0,0,0,0,0,1,0,0,0,0,0,0,0,0,0,0,0,0,0,0,0,0,0,0,0,0,0,0,0,0,2,11,2020,13:55:38,22000,22000,22000.0,month,0,0,0,6.0,1,0,2,63,1,1,1,1,1,1,41
167,1,0,0,0,0,0,0,0,0,0,0,0,0,0,0,0,0,0,0,0,0,0,0,0,0,0,0,0,1,0,0,0,0,0,0,0,0,0,0,0,0,0,0,0,0,0,0,0,0,0,0,0,0,2,11,2020,13:55:38,10000,15000,12500.0,month,0,0,0,2.0,0,0,2,77,0,1,0,0,0,1,86
168,0,0,0,0,0,0,0,0,0,0,0,0,0,0,0,0,0,0,0,0,0,0,0,0,0,0,0,0,0,0,0,0,0,0,0,0,0,0,0,0,0,0,0,0,0,0,0,0,0,0,0,0,0,2,11,2020,13:55:39,5000,5000,5000.0,month,0,0,1,2.0,1,0,3,58,1,0,0,0,1,1,18
169,2,0,0,0,0,0,0,0,0,0,0,0,0,0,0,0,0,0,0,0,0,0,0,0,0,0,0,0,1,0,0,0,0,0,0,1,0,0,0,0,0,0,0,0,0,0,0,0,0,0,0,0,0,2,11,2020,13:55:40,2000,2000,2000.0,month,0,0,1,2.0,0,0,1,211,1,1,0,0,0,1,18
170,5,0,0,0,0,0,0,0,0,0,0,0,0,0,0,0,0,0,1,0,0,0,0,0,1,0,0,0,0,0,0,0,0,0,0,0,0,0,0,0,0,0,0,0,0,1,1,1,0,0,0,0,0,2,11,2020,13:55:40,8000,10000,9000.0,month,0,0,0,3.0,1,0,2,246,1,0,1,0,1,0,48
171,0,0,0,0,0,0,0,0,0,0,0,0,0,0,0,0,0,0,0,0,0,0,0,0,0,0,0,0,0,0,0,0,0,0,0,0,0,0,0,0,0,0,0,0,0,0,0,0,0,0,0,0,0,2,11,2020,13:55:41,8000,10000,9000.0,month,0,0,0,3.0,1,0,2,246,1,0,1,0,1,0,66
172,7,0,0,0,0,0,1,0,0,0,0,0,0,0,0,0,0,0,0,0,0,0,0,0,0,0,1,0,0,0,0,0,0,0,0,0,0,0,0,0,0,0,0,0,0,0,0,0,0,0,0,0,0,2,11,2020,13:55:43,7000,7000,7000.0,month,0,0,0,6.0,0,0,2,200,0,1,0,0,0,1,144
173,4,0,0,0,0,0,0,0,0,0,0,0,0,0,0,0,0,0,0,0,0,0,0,0,0,0,0,0,0,0,0,0,0,0,1,0,1,1,0,0,0,0,0,0,0,0,0,0,1,0,0,0,0,2,11,2020,13:55:44,8000,10000,9000.0,month,0,0,0,6.0,1,0,2,282,0,1,0,0,1,1,150
174,5,0,0,0,0,0,0,0,0,0,0,0,0,0,0,0,0,1,0,0,0,1,0,0,0,0,0,0,0,0,0,0,0,0,0,0,0,0,0,0,0,0,0,0,0,1,1,1,0,0,0,0,0,2,11,2020,13:55:44,7000,7000,7000.0,month,0,0,0,6.0,1,0,17,200,1,1,0,0,1,1,36
175,1,0,0,0,0,0,0,0,0,0,0,0,0,0,0,0,0,0,0,0,0,0,0,0,0,0,0,0,0,0,0,0,0,0,0,0,0,0,0,1,0,0,0,0,0,0,0,0,0,0,0,0,0,2,11,2020,13:55:45,10000,10000,10000.0,month,0,0,0,3.0,1,0,2,132,1,1,1,0,1,0,104
176,3,0,0,0,0,0,0,0,0,0,0,0,0,0,0,0,0,0,0,0,0,0,0,1,0,0,0,0,0,0,1,1,0,0,0,0,0,0,0,0,0,0,0,0,0,0,0,0,0,0,0,0,0,2,11,2020,13:55:46,20000,20000,20000.0,month,0,0,0,6.0,1,0,6,294,1,1,0,0,1,0,64
177,7,0,0,0,0,0,0,0,0,0,0,0,0,0,0,1,0,1,1,0,0,0,0,0,0,0,0,0,1,0,0,0,0,0,0,0,0,1,0,0,0,0,0,0,0,0,0,1,0,0,0,1,0,2,11,2020,13:55:47,30000,30000,30000.0,month,0,0,0,3.0,0,0,2,136,1,0,1,1,0,0,36
178,0,0,0,0,0,0,0,0,0,0,0,0,0,0,0,0,0,0,0,0,0,0,0,0,0,0,0,0,0,0,0,0,0,0,0,0,0,0,0,0,0,0,0,0,0,0,0,0,0,0,0,0,0,2,11,2020,13:55:48,8000,8000,8000.0,month,0,0,0,3.0,0,0,2,198,0,1,0,0,0,0,92
179,6,0,0,1,0,0,1,1,0,0,0,0,0,0,0,0,0,0,0,0,0,0,0,0,0,0,0,0,0,0,0,0,0,0,0,0,0,0,0,0,1,0,0,0,0,0,0,0,0,1,1,0,0,2,11,2020,13:55:49,2000,2000,2000.0,month,0,0,0,3.0,0,0,2,103,1,1,0,0,0,1,56
180,7,0,0,0,0,0,0,0,0,0,0,0,0,0,0,0,0,0,0,0,1,1,0,0,0,0,0,0,1,0,0,0,1,0,0,0,1,1,0,0,0,0,0,0,0,0,0,0,0,0,0,0,0,2,11,2020,13:55:49,4000,6000,5000.0,month,0,0,0,3.0,0,0,2,84,0,1,0,0,0,1,137
181,5,0,0,0,0,0,0,0,0,0,0,0,0,1,0,0,0,0,0,0,0,0,0,0,0,0,1,0,0,0,0,1,0,0,0,0,0,0,0,1,0,0,0,1,0,0,0,0,0,0,0,0,0,2,11,2020,13:55:50,5000,6000,5500.0,month,0,0,0,2.0,1,0,2,297,1,1,0,0,1,1,151
182,5,0,0,0,0,0,0,0,0,0,0,0,0,0,0,0,0,0,0,0,0,1,0,0,0,0,0,0,1,0,0,0,0,0,0,0,0,0,0,0,0,0,0,0,0,0,0,1,0,1,0,0,0,2,11,2020,13:55:51,5000,5000,5000.0,month,0,0,1,2.0,0,0,2,229,1,1,0,0,0,0,126
183,1,0,0,0,0,0,0,0,0,0,0,0,0,0,0,0,0,0,0,1,0,0,0,0,0,0,0,0,0,0,0,0,0,0,0,0,0,0,0,0,0,0,0,0,0,0,0,0,0,0,0,0,0,2,11,2020,13:55:52,8000,8000,8000.0,month,0,0,1,3.0,0,0,4,292,1,1,0,0,0,1,18
184,0,0,0,0,0,0,0,0,0,0,0,0,0,0,0,0,0,0,0,0,0,0,0,0,0,0,0,0,0,0,0,0,0,0,0,0,0,0,0,0,0,0,0,0,0,0,0,0,0,0,0,0,0,2,11,2020,13:55:53,0,0,0.0,none,0,1,0,4.0,0,0,2,300,1,1,1,0,0,1,20
185,0,0,0,0,0,0,0,0,0,0,0,0,0,0,0,0,0,0,0,0,0,0,0,0,0,0,0,0,0,0,0,0,0,0,0,0,0,0,0,0,0,0,0,0,0,0,0,0,0,0,0,0,0,2,11,2020,13:55:54,9000,12000,10500.0,month,0,0,0,3.0,0,0,2,330,1,1,0,0,0,1,72
186,12,0,0,1,1,0,0,0,0,0,0,0,0,1,0,0,0,0,0,0,0,0,0,0,0,0,1,0,0,0,1,0,0,0,0,0,0,0,0,0,0,0,0,0,0,0,0,0,0,0,0,0,1,2,11,2020,13:55:55,5000,5000,5000.0,month,0,0,0,4.0,0,0,2,286,1,1,0,0,0,1,151
187,9,0,0,1,1,0,0,0,1,0,0,0,0,0,0,0,0,0,0,0,0,0,0,0,0,0,0,0,1,0,0,0,0,0,0,0,0,0,0,0,0,0,0,0,0,0,0,0,0,0,0,0,0,2,11,2020,13:55:56,12000,12000,12000.0,month,0,0,0,3.0,1,0,2,197,1,1,0,1,1,1,70
188,8,0,0,0,0,0,0,0,0,0,0,0,1,1,0,0,0,0,0,0,0,0,0,0,0,0,0,0,0,0,0,1,0,0,0,0,0,0,0,0,0,1,0,1,0,0,0,0,0,0,0,0,0,2,11,2020,13:55:56,2000,2000,2000.0,month,0,0,0,6.0,1,0,6,258,0,1,0,0,1,1,151
189,0,0,0,0,0,0,0,0,0,0,0,0,0,0,0,0,0,0,0,0,0,0,0,0,0,0,0,0,0,0,0,0,0,0,0,0,0,0,0,0,0,0,0,0,0,0,0,0,0,0,0,0,0,2,11,2020,13:55:57,20000,20000,20000.0,month,0,0,0,6.0,0,0,2,169,0,0,0,0,0,1,139
190,6,0,0,0,0,0,1,0,0,0,0,0,0,0,0,0,1,0,0,0,0,1,0,0,0,0,0,0,1,0,0,0,0,0,0,0,0,0,0,0,0,0,0,0,0,0,1,1,0,0,0,0,0,2,11,2020,13:55:58,9000,18000,13500.0,month,0,0,0,6.0,1,0,2,357,1,1,0,1,1,0,48
191,4,0,0,0,0,0,0,0,0,0,0,0,0,1,0,0,0,0,0,0,0,0,0,0,0,0,0,0,0,0,0,1,0,0,0,0,0,0,1,0,0,0,1,0,0,0,0,0,0,0,0,0,0,2,11,2020,13:55:59,5000,5000,5000.0,month,0,0,0,3.0,0,0,6,194,1,1,0,0,0,1,151
192,0,0,0,0,0,0,0,0,0,0,0,0,0,0,0,0,0,0,0,0,0,0,0,0,0,0,0,0,0,0,0,0,0,0,0,0,0,0,0,0,0,0,0,0,0,0,0,0,0,0,0,0,0,2,11,2020,13:56:00,25000,25000,25000.0,month,0,0,0,6.0,0,0,2,169,0,0,0,0,0,1,78
193,1,0,0,0,0,0,0,0,0,0,0,0,0,0,0,0,0,0,0,0,0,0,0,0,0,0,0,0,1,0,0,0,0,0,0,0,0,0,0,0,0,0,0,0,0,0,0,0,0,0,0,0,0,2,11,2020,13:56:01,8000,8000,8000.0,month,0,0,0,2.0,0,0,2,76,0,1,1,0,0,1,72
194,0,0,0,0,0,0,0,0,0,0,0,0,0,0,0,0,0,0,0,0,0,0,0,0,0,0,0,0,0,0,0,0,0,0,0,0,0,0,0,0,0,0,0,0,0,0,0,0,0,0,0,0,0,2,11,2020,13:56:01,7500,7500,7500.0,month,0,0,0,3.0,0,0,2,178,0,0,1,0,0,0,89
195,0,0,0,0,0,0,0,0,0,0,0,0,0,0,0,0,0,0,0,0,0,0,0,0,0,0,0,0,0,0,0,0,0,0,0,0,0,0,0,0,0,0,0,0,0,0,0,0,0,0,0,0,0,2,11,2020,13:56:03,2000,7000,4500.0,month,0,0,0,2.0,0,0,2,356,0,1,0,0,0,1,9
196,2,0,0,0,0,0,0,0,0,0,0,0,0,0,0,0,0,0,0,0,1,0,0,0,0,0,0,0,0,0,0,0,0,0,0,0,1,0,0,0,0,0,0,0,0,0,0,0,0,0,0,0,0,2,11,2020,13:56:03,5000,5000,5000.0,month,0,0,0,3.0,1,0,2,179,1,1,0,0,1,0,18
197,0,0,0,0,0,0,0,0,0,0,0,0,0,0,0,0,0,0,0,0,0,0,0,0,0,0,0,0,0,0,0,0,0,0,0,0,0,0,0,0,0,0,0,0,0,0,0,0,0,0,0,0,0,2,11,2020,13:56:04,10000,20000,15000.0,month,0,0,0,3.0,1,0,2,159,1,1,0,0,1,0,18
198,4,0,0,0,0,0,0,0,0,0,0,0,0,0,0,0,0,0,0,0,1,0,0,0,0,0,0,1,0,0,0,0,1,0,0,0,0,0,0,0,0,0,0,0,0,0,0,0,0,0,0,0,0,2,11,2020,13:56:05,2000,2000,2000.0,month,0,0,0,2.0,0,0,2,27,1,1,0,0,0,1,99
199,6,0,0,0,0,0,0,0,0,0,0,0,0,0,0,0,0,1,0,0,1,0,0,0,0,0,0,0,1,0,0,0,0,0,0,0,0,0,0,0,0,0,0,0,0,0,0,0,0,0,0,0,0,2,11,2020,13:56:06,10000,15000,12500.0,month,0,0,0,3.0,1,1,2,155,1,1,1,0,1,1,135
200,0,0,0,0,0,0,0,0,0,0,0,0,0,0,0,0,0,0,0,0,0,0,0,0,0,0,0,0,0,0,0,0,0,0,0,0,0,0,0,0,0,0,0,0,0,0,0,0,0,0,0,0,0,2,11,2020,13:56:09,20000,22000,21000.0,month,0,0,0,3.0,0,0,2,104,0,0,0,0,0,0,152
201,2,0,0,0,0,0,0,0,0,0,0,0,0,0,0,0,0,0,0,0,0,0,0,0,0,0,0,0,0,0,0,0,0,1,0,0,0,0,0,0,0,0,0,0,0,0,0,0,0,0,0,0,0,2,11,2020,13:56:10,9000,9000,9000.0,month,0,0,0,6.0,0,0,2,165,1,1,0,0,0,0,136
202,0,0,0,0,0,0,0,0,0,0,0,0,0,0,0,0,0,0,0,0,0,0,0,0,0,0,0,0,0,0,0,0,0,0,0,0,0,0,0,0,0,0,0,0,0,0,0,0,0,0,0,0,0,2,11,2020,13:56:11,2000,2000,2000.0,month,0,0,0,3.0,1,0,12,364,1,1,0,0,1,1,18
203,0,0,0,0,0,0,0,0,0,0,0,0,0,0,0,0,0,0,0,0,0,0,0,0,0,0,0,0,0,0,0,0,0,0,0,0,0,0,0,0,0,0,0,0,0,0,0,0,0,0,0,0,0,2,11,2020,13:56:12,2000,2000,2000.0,month,0,0,0,5.0,0,0,2,364,1,1,0,0,0,1,48
204,7,0,0,0,0,0,0,0,0,0,0,0,0,1,0,0,0,0,0,0,0,0,0,0,0,0,1,0,1,0,0,1,0,0,0,0,0,0,1,0,0,0,1,0,0,0,0,0,0,0,0,0,0,2,11,2020,13:56:13,10000,10000,10000.0,month,0,0,0,2.0,0,0,2,256,1,1,0,0,0,0,151
205,0,0,0,0,0,0,0,0,0,0,0,0,0,0,0,0,0,0,0,0,0,0,0,0,0,0,0,0,0,0,0,0,0,0,0,0,0,0,0,0,0,0,0,0,0,0,0,0,0,0,0,0,0,2,11,2020,13:56:13,2000,2000,2000.0,month,0,0,0,3.0,1,0,2,364,1,1,0,0,1,1,103
206,2,0,0,0,0,0,0,0,0,0,0,0,0,0,0,0,0,0,0,0,0,0,0,0,0,0,0,0,1,0,0,0,0,0,0,1,0,0,0,0,0,0,0,0,0,0,0,0,0,0,0,0,0,2,11,2020,13:56:14,7000,12000,9500.0,month,0,0,0,4.0,1,0,2,349,1,1,1,1,1,0,99
207,2,0,0,0,0,0,0,0,0,0,0,0,0,0,0,0,0,1,1,0,0,0,0,0,0,0,0,0,0,0,0,0,0,0,0,0,0,0,0,0,0,0,0,0,0,0,0,0,0,0,0,0,0,2,11,2020,13:56:15,2000,5000,3500.0,month,0,0,0,1.0,0,0,2,38,1,1,0,0,0,1,48
208,7,0,0,0,0,1,1,0,0,0,0,0,0,0,0,0,0,0,1,0,1,1,0,0,0,0,0,0,1,0,0,0,0,0,0,0,0,0,0,0,0,0,0,0,0,0,0,1,0,0,0,0,0,2,11,2020,13:56:16,10000,12000,11000.0,month,0,0,0,3.0,0,0,2,350,1,1,0,1,0,0,48
209,3,0,0,0,0,0,0,0,0,0,0,0,0,0,0,0,0,0,1,1,0,0,0,0,0,0,0,0,1,0,0,0,0,0,0,0,0,0,0,0,0,0,0,0,0,0,0,0,0,0,0,0,0,2,11,2020,13:56:17,10000,12000,11000.0,month,0,0,0,3.0,0,0,2,350,1,1,0,1,0,0,49
210,0,0,0,0,0,0,0,0,0,0,0,0,0,0,0,0,0,0,0,0,0,0,0,0,0,0,0,0,0,0,0,0,0,0,0,0,0,0,0,0,0,0,0,0,0,0,0,0,0,0,0,0,0,2,11,2020,13:56:18,10000,10000,10000.0,month,0,0,0,3.0,0,0,2,187,0,1,0,0,0,0,18
211,1,0,0,0,0,0,0,0,0,0,0,0,0,0,0,0,0,0,0,0,0,0,0,0,0,0,0,0,0,0,0,0,0,0,0,1,0,0,0,0,0,0,0,0,0,0,0,0,0,0,0,0,0,2,11,2020,13:56:18,10000,10000,10000.0,month,0,0,0,6.0,0,0,2,180,1,1,0,0,0,0,39
212,0,0,0,0,0,0,0,0,0,0,0,0,0,0,0,0,0,0,0,0,0,0,0,0,0,0,0,0,0,0,0,0,0,0,0,0,0,0,0,0,0,0,0,0,0,0,0,0,0,0,0,0,0,2,11,2020,13:56:20,5000,5000,5000.0,month,0,0,0,3.0,1,0,2,337,1,1,0,0,1,1,75
213,0,0,0,0,0,0,0,0,0,0,0,0,0,0,0,0,0,0,0,0,0,0,0,0,0,0,0,0,0,0,0,0,0,0,0,0,0,0,0,0,0,0,0,0,0,0,0,0,0,0,0,0,0,2,11,2020,13:56:21,10000,10000,10000.0,month,0,0,1,6.0,0,0,6,147,1,1,0,0,0,0,18
214,0,0,0,0,0,0,0,0,0,0,0,0,0,0,0,0,0,0,0,0,0,0,0,0,0,0,0,0,0,0,0,0,0,0,0,0,0,0,0,0,0,0,0,0,0,0,0,0,0,0,0,0,0,2,11,2020,13:56:21,15000,15000,15000.0,month,0,0,0,6.0,0,0,2,141,0,0,0,0,0,0,17
215,5,0,0,0,0,0,0,0,0,0,0,0,0,0,0,0,0,1,0,0,1,1,0,0,0,0,0,0,0,0,0,0,0,0,1,0,1,0,0,0,0,0,0,0,0,0,0,0,0,0,0,0,0,2,11,2020,13:56:22,15000,15000,15000.0,month,0,0,0,6.0,0,0,2,141,0,0,0,0,0,0,34
216,6,0,0,0,0,0,0,0,0,0,0,0,1,1,0,0,0,0,0,0,0,0,0,0,0,0,1,0,0,0,0,1,0,0,0,0,0,0,0,0,0,1,0,0,0,0,0,0,0,0,0,0,0,2,11,2020,13:56:23,10000,12000,11000.0,month,0,0,0,3.0,0,0,2,287,1,1,0,0,0,1,66
217,0,0,0,0,0,0,0,0,0,0,0,0,0,0,0,0,0,0,0,0,0,0,0,0,0,0,0,0,0,0,0,0,0,0,0,0,0,0,0,0,0,0,0,0,0,0,0,0,0,0,0,0,0,2,11,2020,13:56:24,3000,3000,3000.0,month,0,0,1,1.0,0,0,13,129,0,1,0,0,0,0,89
218,2,0,0,0,0,1,1,0,0,0,0,0,0,0,0,0,0,0,0,0,0,0,0,0,0,0,0,0,0,0,0,0,0,0,0,0,0,0,0,0,0,0,0,0,0,0,0,0,0,0,0,0,0,2,11,2020,13:56:24,2000,5000,3500.0,month,0,0,0,2.0,1,0,2,10,1,1,0,0,1,1,70
219,0,0,0,0,0,0,0,0,0,0,0,0,0,0,0,0,0,0,0,0,0,0,0,0,0,0,0,0,0,0,0,0,0,0,0,0,0,0,0,0,0,0,0,0,0,0,0,0,0,0,0,0,0,2,11,2020,13:56:25,7500,7500,7500.0,month,0,0,0,3.0,1,0,2,178,0,0,1,0,1,0,18
220,0,0,0,0,0,0,0,0,0,0,0,0,0,0,0,0,0,0,0,0,0,0,0,0,0,0,0,0,0,0,0,0,0,0,0,0,0,0,0,0,0,0,0,0,0,0,0,0,0,0,0,0,0,2,11,2020,13:56:26,8000,8000,8000.0,month,0,0,1,3.0,0,0,2,272,0,0,0,0,0,0,18
221,1,0,0,0,0,0,0,0,0,0,0,0,0,0,0,0,0,0,0,0,0,0,0,0,0,0,0,0,0,0,0,0,0,0,0,0,0,0,0,0,0,0,0,0,0,0,0,0,0,0,0,0,0,2,11,2020,13:56:27,7000,7000,7000.0,month,0,0,1,6.0,1,0,2,232,0,0,0,0,1,0,105
222,2,0,0,0,0,0,0,0,0,0,0,0,0,0,0,0,0,0,0,0,0,0,0,0,0,0,0,0,1,0,0,0,0,0,0,0,0,0,0,0,0,0,0,0,0,0,0,0,0,0,0,0,0,2,11,2020,13:56:28,7500,10000,8750.0,month,0,0,0,3.0,0,0,2,273,1,1,0,0,0,1,96
223,1,0,0,0,0,0,0,0,0,0,0,0,0,0,0,0,0,0,0,0,0,0,0,0,0,0,0,0,0,0,0,0,0,0,0,0,0,0,0,0,0,0,0,0,0,0,0,0,0,0,0,0,0,2,11,2020,13:56:29,10000,10000,10000.0,month,0,0,0,3.0,1,0,2,132,1,1,1,0,1,0,122
224,8,0,0,0,0,0,0,0,0,0,0,0,0,0,0,0,0,0,1,0,0,0,1,0,0,1,0,0,1,1,0,0,0,0,0,0,0,0,0,0,0,0,0,0,0,1,1,1,0,0,0,0,0,2,11,2020,13:56:30,6000,9000,7500.0,month,0,0,0,2.0,1,0,2,209,1,1,1,0,1,0,126
225,3,0,0,0,0,0,1,0,0,0,0,0,0,0,0,0,1,0,0,0,0,0,0,0,0,0,0,0,1,0,0,0,0,0,0,0,0,0,0,0,0,0,0,0,0,0,0,0,0,0,0,0,0,2,11,2020,13:56:30,6000,9000,7500.0,month,0,0,0,2.0,1,0,2,209,1,1,1,0,1,0,70
226,1,0,0,0,0,0,0,0,0,0,0,0,0,0,0,0,0,0,0,0,0,0,0,0,0,0,0,0,1,0,0,0,0,0,0,0,0,0,0,0,0,0,0,0,0,0,0,0,0,0,0,0,0,2,11,2020,13:56:31,5000,5000,5000.0,month,0,0,0,3.0,0,0,4,319,1,1,0,0,0,1,18
227,5,1,0,0,0,1,0,0,0,0,1,0,0,0,0,0,0,0,0,0,0,0,0,0,0,0,0,0,1,0,0,0,0,0,0,0,0,0,0,0,0,0,0,0,0,0,0,0,0,0,0,0,0,2,11,2020,13:56:32,20000,20000,20000.0,month,0,0,0,6.0,0,0,2,17,1,1,1,1,0,1,75
228,0,0,0,0,0,0,0,0,0,0,0,0,0,0,0,0,0,0,0,0,0,0,0,0,0,0,0,0,0,0,0,0,0,0,0,0,0,0,0,0,0,0,0,0,0,0,0,0,0,0,0,0,0,2,11,2020,13:56:33,2000,2000,2000.0,month,0,0,1,2.0,1,0,2,3,1,1,0,0,1,1,147
229,4,0,0,0,0,0,0,0,0,0,0,0,0,0,0,0,0,0,0,0,1,1,0,0,0,0,0,0,1,0,0,0,0,0,1,0,0,0,0,0,0,0,0,0,0,0,0,0,0,0,0,0,0,2,11,2020,13:56:34,5000,10000,7500.0,month,0,0,0,3.0,1,0,2,281,1,1,0,1,1,1,89
230,3,0,0,0,1,1,0,0,0,0,0,0,0,0,0,0,0,0,0,0,0,0,0,0,0,0,0,0,1,0,0,0,0,0,0,0,0,0,0,0,0,0,0,0,0,0,0,0,0,0,0,0,0,2,11,2020,13:56:34,7500,7500,7500.0,month,0,0,0,6.0,0,0,2,250,1,1,0,0,0,0,70
231,4,0,1,0,0,0,0,0,0,0,0,0,0,0,0,0,0,0,0,0,1,0,0,0,0,0,0,1,0,0,0,0,1,0,0,0,0,0,0,0,0,0,0,0,0,0,0,0,0,0,0,0,0,2,11,2020,13:56:35,5000,5000,5000.0,month,0,0,1,2.0,1,0,2,85,0,1,0,0,1,0,89
232,6,0,0,0,0,0,1,0,1,0,0,0,0,0,0,0,0,0,0,0,0,0,0,0,0,0,0,0,1,0,0,0,0,0,0,0,0,0,0,0,0,0,0,0,0,0,0,0,0,0,0,0,0,2,11,2020,13:56:37,15000,15000,15000.0,month,0,0,0,6.0,0,0,2,141,1,1,0,1,0,0,70
233,3,0,0,0,0,0,0,0,0,1,0,0,0,0,0,0,0,0,0,0,0,0,0,0,0,0,0,0,1,0,1,0,0,0,0,0,0,0,0,0,0,0,0,0,0,0,0,0,0,0,0,0,0,2,11,2020,13:56:38,15000,20000,17500.0,month,0,0,0,6.0,0,0,2,65,1,1,0,0,0,0,4
234,0,0,0,0,0,0,0,0,0,0,0,0,0,0,0,0,0,0,0,0,0,0,0,0,0,0,0,0,0,0,0,0,0,0,0,0,0,0,0,0,0,0,0,0,0,0,0,0,0,0,0,0,0,2,11,2020,13:56:39,15000,15000,15000.0,month,0,0,0,6.0,0,0,2,67,1,1,0,0,0,0,73
235,4,0,0,0,0,0,0,0,0,0,0,0,0,0,0,0,0,1,0,0,0,0,0,0,0,0,0,0,1,0,0,0,0,0,1,0,1,0,0,0,0,0,0,0,0,0,0,0,0,0,0,0,0,2,11,2020,13:56:39,6000,12000,9000.0,month,0,0,0,3.0,1,0,2,209,1,1,1,0,1,0,89
236,0,0,0,0,0,0,0,0,0,0,0,0,0,0,0,0,0,0,0,0,0,0,0,0,0,0,0,0,0,0,0,0,0,0,0,0,0,0,0,0,0,0,0,0,0,0,0,0,0,0,0,0,0,2,11,2020,13:56:42,5000,5000,5000.0,month,0,0,1,3.0,0,0,2,95,1,1,0,0,0,1,18
237,3,0,0,0,0,0,0,0,0,0,0,0,0,0,0,0,0,0,0,0,0,0,0,0,0,0,0,0,1,0,1,0,0,0,0,0,0,0,0,0,0,0,0,0,0,0,0,0,0,0,0,0,0,2,11,2020,13:56:43,2000,2000,2000.0,month,0,0,0,2.0,0,0,6,322,1,1,1,0,0,1,96
238,3,0,0,0,0,0,0,0,0,0,0,0,0,0,0,0,0,0,0,0,0,0,0,0,0,0,0,0,0,0,1,0,0,0,0,0,0,0,0,1,0,1,0,0,0,0,0,0,0,0,0,0,0,2,11,2020,13:56:45,10000,10000,10000.0,month,0,0,0,1.0,0,0,2,115,1,1,1,0,0,0,115
239,0,0,0,0,0,0,0,0,0,0,0,0,0,0,0,0,0,0,0,0,0,0,0,0,0,0,0,0,0,0,0,0,0,0,0,0,0,0,0,0,0,0,0,0,0,0,0,0,0,0,0,0,0,2,11,2020,13:56:46,10000,10000,10000.0,month,0,0,0,1.0,0,0,2,5,0,0,0,0,0,0,83
240,0,0,0,0,0,0,0,0,0,0,0,0,0,0,0,0,0,0,0,0,0,0,0,0,0,0,0,0,0,0,0,0,0,0,0,0,0,0,0,0,0,0,0,0,0,0,0,0,0,0,0,0,0,2,11,2020,13:56:48,10000,10000,10000.0,month,0,0,0,3.0,0,0,16,234,0,1,0,0,0,0,57
241,1,0,0,0,0,0,0,0,0,0,0,0,0,0,0,0,0,0,0,0,0,0,0,0,0,0,0,0,1,0,0,0,0,0,0,0,0,0,0,0,0,0,0,0,0,0,0,0,0,0,0,0,0,2,11,2020,13:56:49,2000,2000,2000.0,month,0,0,1,2.0,1,0,2,162,1,1,1,0,1,1,18
242,1,0,0,0,0,0,0,0,0,0,0,0,0,0,0,0,0,0,0,0,0,0,0,0,0,0,0,0,0,0,0,0,0,0,1,0,0,0,0,0,0,0,0,0,0,0,0,0,0,0,0,0,0,2,11,2020,13:56:50,15000,15000,15000.0,month,0,0,0,4.0,0,0,2,243,0,0,0,0,0,0,137
243,3,0,0,0,0,0,0,0,0,0,0,0,0,0,0,0,0,0,0,0,1,0,0,0,0,0,0,1,0,0,0,0,0,0,1,0,0,0,0,0,0,0,0,0,0,0,0,0,0,0,0,0,0,2,11,2020,13:56:50,2000,2000,2000.0,month,0,0,1,3.0,0,0,14,144,0,1,0,0,0,0,18
244,1,0,0,0,0,0,0,0,0,0,0,0,0,0,0,0,0,0,0,0,0,0,0,0,0,0,0,0,1,0,0,0,0,0,0,0,0,0,0,0,0,0,0,0,0,0,0,0,0,0,0,0,0,2,11,2020,13:56:51,7500,10000,8750.0,month,0,0,0,3.0,0,0,2,273,1,1,0,0,0,1,151
245,1,0,0,0,0,0,0,0,0,0,0,0,0,0,0,0,0,0,0,0,0,0,0,0,0,0,0,0,1,0,0,0,0,0,0,0,0,0,0,0,0,0,0,0,0,0,0,0,0,0,0,0,0,2,11,2020,13:56:52,2000,2000,2000.0,month,0,0,0,3.0,0,0,2,273,1,1,0,0,0,1,126
246,0,0,0,0,0,0,0,0,0,0,0,0,0,0,0,0,0,0,0,0,0,0,0,0,0,0,0,0,0,0,0,0,0,0,0,0,0,0,0,0,0,0,0,0,0,0,0,0,0,0,0,0,0,2,11,2020,13:56:53,5000,5000,5000.0,month,0,0,0,3.0,0,0,2,1,0,0,0,0,0,0,1
247,18,0,1,0,0,0,0,0,0,0,0,1,0,0,1,0,0,1,0,0,0,0,1,0,0,0,0,0,0,0,0,0,0,0,1,1,1,0,0,0,1,0,0,0,1,0,0,1,1,1,1,0,0,2,11,2020,13:56:54,2000,2000,2000.0,month,0,0,1,3.0,0,0,2,328,0,1,1,0,0,0,18
248,3,0,1,0,0,0,0,0,0,0,0,0,0,0,0,0,0,0,0,0,0,0,0,0,0,0,0,0,0,0,0,0,0,0,1,0,0,0,0,0,0,0,0,0,0,0,0,0,0,0,0,1,0,2,11,2020,13:56:54,7500,10000,8750.0,month,0,0,0,3.0,0,1,2,370,1,1,1,0,0,1,99
249,3,0,0,0,0,0,0,0,0,0,0,0,0,0,0,0,0,0,0,0,0,0,0,0,0,0,1,0,0,0,0,0,0,0,0,0,0,0,0,1,0,0,0,0,0,0,0,0,0,0,0,0,0,2,11,2020,13:56:56,15000,20000,17500.0,month,0,0,0,6.0,0,0,2,117,0,0,0,0,0,0,151
250,7,1,0,0,0,1,1,0,0,0,1,0,0,0,0,0,1,0,0,0,0,0,0,0,0,0,0,0,0,0,0,0,0,0,0,0,0,0,0,0,0,0,0,0,0,0,0,0,0,0,0,0,0,2,11,2020,13:56:57,3000,5000,4000.0,month,0,0,0,2.0,0,0,2,328,1,1,1,0,0,0,70
251,9,0,1,0,0,0,0,0,0,0,0,1,0,0,0,0,0,0,1,0,0,0,0,0,0,0,0,0,0,0,0,0,0,0,1,1,1,1,0,0,0,0,0,0,0,0,0,0,0,0,0,0,0,2,11,2020,13:56:57,2000,5000,3500.0,month,0,0,0,3.0,0,0,2,328,1,1,1,0,0,0,99
252,4,0,0,0,0,0,0,0,0,0,0,0,0,0,0,0,0,1,0,0,1,1,0,0,0,0,0,0,1,0,0,0,0,0,0,0,0,0,0,0,0,0,0,0,0,0,0,0,0,0,0,0,0,2,11,2020,13:56:58,5000,7000,6000.0,month,0,0,0,3.0,0,0,2,215,1,1,1,1,0,1,126
253,5,0,0,0,0,0,0,0,0,0,0,0,0,0,0,0,0,0,0,0,1,1,0,0,0,0,0,1,1,0,0,0,0,0,1,0,0,0,0,0,0,0,0,0,0,0,0,0,0,0,0,0,0,2,11,2020,13:56:59,10000,10000,10000.0,month,0,0,1,3.0,0,0,15,177,1,1,0,0,0,0,18
254,2,0,0,0,0,0,0,0,0,0,0,0,0,0,0,0,0,0,0,0,0,0,0,0,0,0,0,0,0,0,0,0,0,0,0,0,0,0,0,0,0,0,0,0,0,0,0,1,0,1,0,0,0,2,11,2020,13:57:00,7000,9000,8000.0,month,0,0,0,6.0,0,0,2,61,1,1,0,0,0,1,147
255,1,0,0,0,0,0,0,0,0,0,0,0,0,0,0,0,0,0,0,0,0,0,0,0,0,0,0,0,1,0,0,0,0,0,0,0,0,0,0,0,0,0,0,0,0,0,0,0,0,0,0,0,0,2,11,2020,13:57:01,10000,10000,10000.0,month,0,0,0,2.0,0,0,1,315,1,1,0,0,0,1,18
256,1,0,0,0,0,0,0,0,0,0,0,0,0,0,0,0,0,0,1,0,0,0,0,0,0,0,0,0,0,0,0,0,0,0,0,0,0,0,0,0,0,0,0,0,0,0,0,0,0,0,0,0,0,2,11,2020,13:57:02,2000,5000,3500.0,month,0,0,0,3.0,0,0,2,208,0,0,0,0,0,0,126
257,0,0,0,0,0,0,0,0,0,0,0,0,0,0,0,0,0,0,0,0,0,0,0,0,0,0,0,0,0,0,0,0,0,0,0,0,0,0,0,0,0,0,0,0,0,0,0,0,0,0,0,0,0,2,11,2020,13:57:03,3000,5000,4000.0,month,0,0,0,3.0,0,0,2,208,1,1,0,0,0,0,72
258,4,0,0,0,0,0,0,0,0,0,0,0,0,0,0,0,0,0,0,0,0,0,0,0,0,0,0,0,0,0,0,1,0,0,0,0,0,0,0,0,0,0,0,1,0,0,0,0,0,0,0,0,0,2,11,2020,13:57:04,10000,10000,10000.0,month,0,0,0,6.0,1,0,2,226,1,1,0,1,1,0,44
259,0,0,0,0,0,0,0,0,0,0,0,0,0,0,0,0,0,0,0,0,0,0,0,0,0,0,0,0,0,0,0,0,0,0,0,0,0,0,0,0,0,0,0,0,0,0,0,0,0,0,0,0,0,2,11,2020,13:57:05,10000,15000,12500.0,month,0,0,0,3.0,0,0,2,104,0,0,0,0,0,0,112
260,0,0,0,0,0,0,0,0,0,0,0,0,0,0,0,0,0,0,0,0,0,0,0,0,0,0,0,0,0,0,0,0,0,0,0,0,0,0,0,0,0,0,0,0,0,0,0,0,0,0,0,0,0,2,11,2020,13:57:06,2000,2000,2000.0,month,0,0,1,3.0,1,0,4,59,1,1,0,0,1,1,18
261,4,0,0,0,0,0,0,0,0,0,0,0,0,0,0,0,0,0,0,0,0,0,0,0,0,0,0,0,1,0,0,0,0,0,0,0,0,0,0,0,0,1,0,0,0,0,0,0,0,0,0,0,0,2,11,2020,13:57:06,2000,2000,2000.0,month,0,0,0,2.0,0,0,2,110,0,1,0,1,0,1,96
262,1,0,0,0,0,0,0,0,0,0,0,0,0,0,0,0,0,0,0,0,0,0,0,0,0,0,0,0,0,0,0,0,0,0,0,0,0,0,0,0,0,0,0,0,0,0,0,0,0,0,0,0,0,2,11,2020,13:57:07,10000,10000,10000.0,month,0,0,0,3.0,0,0,10,364,1,1,0,0,0,1,132
263,2,0,0,0,0,0,0,0,0,0,0,0,0,0,0,0,0,0,0,0,1,0,0,0,0,0,0,0,0,0,0,0,0,0,0,0,0,0,0,0,0,0,0,0,1,0,0,0,0,0,0,0,0,2,11,2020,13:57:08,7500,7500,7500.0,month,0,0,0,3.0,0,0,13,94,1,1,1,0,0,0,138
264,2,0,0,0,0,0,0,0,0,0,0,0,0,0,0,0,0,0,0,0,0,0,0,0,0,0,0,0,1,0,0,0,0,0,0,0,0,0,0,0,0,0,0,0,0,0,0,0,0,0,0,1,0,2,11,2020,13:57:09,3000,5000,4000.0,month,0,0,0,2.0,0,0,2,342,1,1,0,0,0,1,151
265,1,0,0,0,0,0,0,0,0,0,0,0,0,0,0,0,0,0,0,0,0,0,0,0,0,0,0,0,1,0,0,0,0,0,0,0,0,0,0,0,0,0,0,0,0,0,0,0,0,0,0,0,0,2,11,2020,13:57:10,7000,7000,7000.0,month,0,0,0,6.0,1,0,4,7,1,1,0,0,1,1,89
266,6,0,0,0,0,0,0,0,0,0,0,0,0,0,0,0,0,0,1,0,0,0,1,0,0,0,0,0,1,1,0,0,0,0,0,0,0,0,0,0,0,0,0,0,0,0,0,1,0,0,0,0,0,2,11,2020,13:57:11,20000,20000,20000.0,month,0,0,0,3.0,1,0,2,196,1,1,0,0,1,1,48
267,4,0,0,0,0,0,0,0,0,0,0,0,0,0,0,0,0,0,1,0,0,0,1,0,0,0,0,0,1,0,0,0,0,0,0,0,0,0,0,0,0,0,0,0,0,1,0,0,0,0,0,0,0,2,11,2020,13:57:12,5000,7000,6000.0,month,0,0,0,2.0,0,0,6,375,1,1,0,0,0,0,48
268,0,0,0,0,0,0,0,0,0,0,0,0,0,0,0,0,0,0,0,0,0,0,0,0,0,0,0,0,0,0,0,0,0,0,0,0,0,0,0,0,0,0,0,0,0,0,0,0,0,0,0,0,0,2,11,2020,13:57:13,8000,15000,11500.0,month,0,0,0,2.0,0,0,1,176,1,1,0,0,0,0,7
269,8,0,0,0,1,1,1,0,0,0,0,0,0,0,0,0,1,0,0,0,0,0,0,0,0,0,0,0,1,0,0,0,0,0,1,1,1,0,0,0,0,0,0,0,0,0,0,0,0,0,0,0,0,2,11,2020,13:57:14,8500,8500,8500.0,month,0,0,0,6.0,0,0,2,214,1,1,0,0,0,1,70
270,6,0,0,1,0,1,1,1,0,0,0,0,0,0,0,0,1,0,0,0,0,0,0,0,0,0,0,0,0,0,0,0,0,0,0,0,0,0,0,0,0,0,0,0,0,0,0,0,0,0,0,0,0,2,11,2020,13:57:15,10000,10000,10000.0,month,0,0,0,6.0,0,0,2,11,1,1,0,0,0,0,70
271,8,0,0,0,0,0,0,0,0,0,0,1,0,0,0,0,0,1,0,1,0,0,1,0,0,0,0,0,1,1,0,0,0,0,0,0,0,0,0,0,0,0,0,0,0,0,1,1,0,0,0,0,0,2,11,2020,13:57:16,10000,10000,10000.0,month,0,0,0,6.0,0,0,2,173,1,1,0,0,0,0,36
272,6,0,0,0,0,1,1,0,1,0,0,0,0,0,0,0,1,0,0,0,0,0,0,0,0,0,0,0,1,0,0,0,0,0,0,0,0,0,0,0,1,0,0,0,0,0,0,0,0,0,0,0,0,2,11,2020,13:57:16,10000,10000,10000.0,month,0,0,0,6.0,1,0,2,173,1,1,0,0,1,0,107
273,6,0,0,0,0,0,1,0,0,0,0,0,0,0,0,0,1,0,0,0,0,0,0,0,0,0,0,0,1,0,0,0,0,0,0,0,0,0,0,0,0,0,0,0,0,0,0,1,0,1,0,0,0,2,11,2020,13:57:17,6000,6000,6000.0,month,0,0,0,3.0,0,0,2,271,1,1,1,1,0,1,70
274,8,0,0,1,0,1,1,1,1,0,0,0,0,0,0,0,0,0,0,0,0,0,0,0,0,0,0,0,1,0,0,0,0,0,0,0,0,0,0,0,1,0,0,0,0,0,0,0,0,1,0,0,0,2,11,2020,13:57:18,2000,2000,2000.0,month,0,0,0,1.0,0,1,2,88,1,1,0,1,0,1,106
275,3,0,0,0,0,0,0,0,0,0,0,0,0,0,0,0,0,1,0,0,0,0,0,0,0,0,0,0,0,0,0,0,0,0,0,0,0,0,0,0,0,0,0,0,0,0,1,1,0,0,0,0,0,2,11,2020,13:57:19,8000,8000,8000.0,month,0,0,0,4.0,1,0,2,132,1,1,1,0,1,0,36
276,0,0,0,0,0,0,0,0,0,0,0,0,0,0,0,0,0,0,0,0,0,0,0,0,0,0,0,0,0,0,0,0,0,0,0,0,0,0,0,0,0,0,0,0,0,0,0,0,0,0,0,0,0,2,11,2020,13:57:20,5000,10000,7500.0,month,0,0,0,3.0,0,0,2,245,1,1,0,0,0,0,99
277,0,0,0,0,0,0,0,0,0,0,0,0,0,0,0,0,0,0,0,0,0,0,0,0,0,0,0,0,0,0,0,0,0,0,0,0,0,0,0,0,0,0,0,0,0,0,0,0,0,0,0,0,0,2,11,2020,13:57:20,8000,8000,8000.0,month,0,0,1,3.0,0,0,2,219,1,1,0,0,0,0,48
278,1,0,0,0,0,0,0,0,0,0,0,0,0,0,0,0,0,0,0,0,0,0,0,0,0,0,0,0,1,0,0,0,0,0,0,0,0,0,0,0,0,0,0,0,0,0,0,0,0,0,0,0,0,2,11,2020,13:57:21,5000,5000,5000.0,month,0,0,1,3.0,0,0,2,212,1,1,1,0,0,0,18
279,2,0,0,0,0,0,0,0,1,0,0,0,0,0,0,0,0,0,0,0,0,0,0,0,0,0,0,0,1,0,0,0,0,0,0,0,0,0,0,0,0,0,0,0,0,0,0,0,0,0,0,0,0,2,11,2020,13:57:22,5000,5000,5000.0,month,0,0,0,3.0,0,0,2,353,1,1,0,1,0,0,70
280,3,0,0,0,0,0,0,0,0,0,0,0,0,0,0,0,0,0,0,0,0,0,0,0,0,0,0,0,1,0,0,0,0,0,0,0,0,0,0,0,0,0,0,0,0,0,0,0,0,0,0,0,0,2,11,2020,13:57:25,10000,10000,10000.0,month,0,0,0,2.0,0,0,2,351,1,1,1,1,0,1,151
281,3,0,0,0,0,0,0,0,0,0,0,0,0,0,0,0,0,0,0,0,1,1,0,0,0,0,0,0,1,0,0,0,0,0,0,0,0,0,0,0,0,0,0,0,0,0,0,0,0,0,0,0,0,2,11,2020,13:57:26,5000,5000,5000.0,month,0,0,1,3.0,1,0,2,314,1,1,0,0,1,1,18
282,9,0,0,0,0,0,0,0,0,1,0,0,0,0,0,0,0,0,0,0,0,0,0,1,0,0,0,0,1,0,1,0,0,0,0,0,0,0,0,0,0,0,0,0,0,0,0,0,0,0,0,0,0,2,11,2020,13:57:27,10000,15000,12500.0,month,0,0,0,6.0,0,1,2,160,0,1,0,0,0,1,96
283,2,0,0,0,0,0,0,0,0,0,0,0,0,0,0,0,0,0,0,0,0,0,0,0,0,0,0,0,0,0,0,0,0,0,0,0,0,0,0,0,0,0,0,0,0,0,0,0,0,1,1,0,0,2,11,2020,13:57:28,8000,10000,9000.0,month,0,0,0,3.0,0,0,2,365,1,1,0,0,0,0,126
284,0,0,0,0,0,0,0,0,0,0,0,0,0,0,0,0,0,0,0,0,0,0,0,0,0,0,0,0,0,0,0,0,0,0,0,0,0,0,0,0,0,0,0,0,0,0,0,0,0,0,0,0,0,2,11,2020,13:57:29,2000,2000,2000.0,month,0,0,1,3.0,0,0,6,108,1,1,0,0,0,0,18
285,0,0,0,0,0,0,0,0,0,0,0,0,0,0,0,0,0,0,0,0,0,0,0,0,0,0,0,0,0,0,0,0,0,0,0,0,0,0,0,0,0,0,0,0,0,0,0,0,0,0,0,0,0,2,11,2020,13:57:30,14000,14000,14000.0,month,0,0,0,3.0,1,0,2,81,0,0,1,0,1,0,35
286,1,0,0,0,0,0,0,0,0,0,0,0,0,0,0,0,0,0,0,0,0,0,0,0,0,0,0,0,1,0,0,0,0,0,0,0,0,0,0,0,0,0,0,0,0,0,0,0,0,0,0,0,0,2,11,2020,13:57:31,5000,7000,6000.0,month,0,0,0,3.0,1,0,2,131,1,1,0,1,1,1,36
287,9,0,0,0,0,0,1,0,0,0,0,0,0,0,0,1,0,1,1,0,0,1,0,0,1,0,0,0,0,1,0,0,0,0,0,0,0,0,0,0,0,0,0,0,0,0,0,0,0,0,0,1,0,2,11,2020,13:57:31,4000,4000,4000.0,month,0,0,0,2.0,1,0,4,15,1,1,0,0,1,0,126
288,3,0,0,0,0,0,0,0,0,0,0,0,1,0,0,0,0,0,0,0,0,0,0,0,0,0,0,0,1,0,0,0,0,0,0,0,0,0,0,0,0,0,0,0,0,0,0,0,0,0,0,0,0,2,11,2020,13:57:32,10000,12000,11000.0,month,0,0,0,3.0,0,0,2,358,0,1,0,0,0,0,143
289,2,0,0,0,0,1,1,0,0,0,0,0,0,0,0,0,0,0,0,0,0,0,0,0,0,0,0,0,0,0,0,0,0,0,0,0,0,0,0,0,0,0,0,0,0,0,0,0,0,0,0,0,0,2,11,2020,13:57:33,10000,12000,11000.0,month,0,0,0,3.0,0,0,2,358,0,1,0,0,0,0,145
290,1,0,0,0,0,0,0,0,0,0,0,0,0,0,0,0,0,0,0,0,0,0,0,0,0,0,0,0,0,0,0,0,0,0,0,0,0,0,0,0,0,0,0,0,1,0,0,0,0,0,0,0,0,2,11,2020,13:57:34,7000,7000,7000.0,month,0,0,0,6.0,0,0,2,331,1,1,0,0,0,0,89
291,4,0,0,0,0,0,0,0,0,1,0,0,0,0,0,0,0,0,0,0,0,0,0,0,0,0,0,0,1,0,0,0,0,0,0,0,0,0,0,0,0,0,0,0,0,0,0,0,0,0,0,1,1,2,11,2020,13:57:35,20000,20000,20000.0,lump_sum,0,0,1,3.0,0,0,2,37,1,1,1,0,0,1,96
292,2,0,0,0,0,0,0,0,0,0,0,0,0,0,0,0,0,0,0,0,0,0,0,0,0,0,0,0,1,0,0,0,0,0,0,0,0,0,0,0,0,0,0,0,0,0,0,0,0,0,0,0,0,2,11,2020,13:57:36,7000,7000,7000.0,month,0,0,0,2.0,0,0,2,6,0,1,1,0,0,0,72
293,5,0,0,0,0,0,0,0,0,0,0,0,0,0,0,0,0,0,0,0,0,0,0,0,0,0,0,0,0,0,0,0,0,0,0,0,0,0,0,0,0,1,0,1,0,0,0,0,0,0,0,0,0,2,11,2020,13:57:36,10000,15000,12500.0,month,0,0,0,6.0,0,1,2,160,0,0,0,0,0,1,46
294,2,0,0,0,0,1,1,0,0,0,0,0,0,0,0,0,0,0,0,0,0,0,0,0,0,0,0,0,0,0,0,0,0,0,0,0,0,0,0,0,0,0,0,0,0,0,0,0,0,0,0,0,0,2,11,2020,13:57:37,9000,9000,9000.0,month,0,0,0,3.0,0,0,2,219,1,1,0,0,0,0,70
295,1,0,0,0,0,0,0,0,0,0,0,0,0,0,0,0,0,0,0,0,0,0,0,0,0,0,0,0,1,0,0,0,0,0,0,0,0,0,0,0,0,0,0,0,0,0,0,0,0,0,0,0,0,2,11,2020,13:57:38,4000,4000,4000.0,month,0,0,0,3.0,0,0,6,199,1,1,0,0,0,1,18
296,4,0,0,0,0,0,1,0,0,0,0,0,0,0,0,0,0,0,0,0,0,0,0,0,0,0,0,0,1,0,0,0,0,0,0,0,0,0,0,0,0,0,0,0,0,0,0,0,0,0,0,0,0,2,11,2020,13:57:39,15000,25000,20000.0,month,0,0,0,6.0,0,0,2,340,1,1,0,0,0,1,55
297,4,0,0,0,0,0,0,0,0,0,0,0,0,0,0,0,0,0,1,0,0,0,0,0,0,0,0,0,1,1,0,0,0,0,0,0,0,0,0,0,0,0,0,0,0,0,0,1,0,0,0,0,0,2,11,2020,13:57:39,2000,2000,2000.0,month,0,0,1,1.0,1,0,4,369,1,1,0,0,1,1,89
298,0,0,0,0,0,0,0,0,0,0,0,0,0,0,0,0,0,0,0,0,0,0,0,0,0,0,0,0,0,0,0,0,0,0,0,0,0,0,0,0,0,0,0,0,0,0,0,0,0,0,0,0,0,2,11,2020,13:57:41,10000,10000,10000.0,month,0,0,0,2.0,0,0,2,55,0,0,0,0,0,0,18
299,0,0,0,0,0,0,0,0,0,0,0,0,0,0,0,0,0,0,0,0,0,0,0,0,0,0,0,0,0,0,0,0,0,0,0,0,0,0,0,0,0,0,0,0,0,0,0,0,0,0,0,0,0,2,11,2020,13:57:41,20000,20000,20000.0,month,0,0,0,2.0,0,0,2,341,0,0,0,0,0,0,129
300,0,0,0,0,0,0,0,0,0,0,0,0,0,0,0,0,0,0,0,0,0,0,0,0,0,0,0,0,0,0,0,0,0,0,0,0,0,0,0,0,0,0,0,0,0,0,0,0,0,0,0,0,0,2,11,2020,13:57:42,8000,8000,8000.0,month,0,0,1,3.0,0,0,2,219,1,1,0,0,0,0,18
301,4,0,0,0,0,0,0,0,0,0,0,0,0,0,0,0,0,0,1,0,0,0,0,0,0,0,0,0,0,0,0,0,0,0,1,0,0,0,0,0,0,0,0,0,0,1,1,0,0,0,0,0,0,2,11,2020,13:57:43,10000,10000,10000.0,month,0,0,0,3.0,1,0,2,360,1,1,0,0,1,1,125
302,3,0,0,0,0,0,0,0,0,0,0,0,0,0,0,0,0,0,0,0,0,0,0,0,0,0,0,0,0,0,0,0,0,0,0,0,0,0,0,0,0,0,0,0,0,0,0,0,0,0,0,0,0,2,11,2020,13:57:44,6000,6000,6000.0,month,0,0,0,3.0,0,0,2,275,0,1,0,0,0,0,151
303,0,0,0,0,0,0,0,0,0,0,0,0,0,0,0,0,0,0,0,0,0,0,0,0,0,0,0,0,0,0,0,0,0,0,0,0,0,0,0,0,0,0,0,0,0,0,0,0,0,0,0,0,0,2,11,2020,13:57:45,13000,14996,13998.0,month,0,0,0,3.0,0,0,2,104,0,0,0,0,0,0,90
304,3,0,1,0,0,0,0,0,0,0,0,0,0,0,0,0,0,0,0,0,0,0,0,0,0,0,0,0,1,0,0,0,0,0,1,0,0,0,0,0,0,0,0,0,0,0,0,0,0,0,0,0,0,2,11,2020,13:57:45,12000,12000,12000.0,month,0,0,0,2.0,1,0,2,137,1,1,0,1,1,1,60
305,0,0,0,0,0,0,0,0,0,0,0,0,0,0,0,0,0,0,0,0,0,0,0,0,0,0,0,0,0,0,0,0,0,0,0,0,0,0,0,0,0,0,0,0,0,0,0,0,0,0,0,0,0,2,11,2020,13:57:46,3000,5000,4000.0,month,0,0,0,6.0,0,0,1,236,1,1,0,0,0,0,38
306,3,0,0,1,0,0,1,0,0,0,0,0,0,0,0,0,0,0,0,0,0,0,0,0,0,0,0,0,0,0,0,0,0,0,0,0,0,0,0,0,1,0,0,0,0,0,0,0,0,0,0,0,0,2,11,2020,13:57:47,13000,15000,14000.0,month,0,0,0,3.0,0,0,2,104,0,0,0,0,0,0,148
307,6,0,0,0,0,0,0,0,0,0,0,0,0,0,0,1,0,1,1,0,0,0,1,0,0,0,0,0,0,1,0,0,0,0,0,0,0,0,0,0,0,0,0,0,0,0,0,1,0,0,0,0,0,2,11,2020,13:57:48,2000,2500,2250.0,month,0,0,0,3.0,0,0,6,280,1,0,0,0,0,1,126
308,0,0,0,0,0,0,0,0,0,0,0,0,0,0,0,0,0,0,0,0,0,0,0,0,0,0,0,0,0,0,0,0,0,0,0,0,0,0,0,0,0,0,0,0,0,0,0,0,0,0,0,0,0,2,11,2020,13:57:48,7000,7000,7000.0,month,0,0,0,3.0,0,0,2,97,1,1,1,0,0,0,45
309,2,0,0,0,0,0,0,0,0,0,0,0,0,0,0,0,0,0,0,0,0,0,0,0,0,0,0,0,0,0,0,0,0,0,0,0,0,0,0,0,0,0,0,0,0,0,0,0,0,0,0,0,0,2,11,2020,13:57:50,5000,5000,5000.0,month,0,0,0,6.0,1,0,4,242,1,1,0,0,1,0,70
310,0,0,0,0,0,0,0,0,0,0,0,0,0,0,0,0,0,0,0,0,0,0,0,0,0,0,0,0,0,0,0,0,0,0,0,0,0,0,0,0,0,0,0,0,0,0,0,0,0,0,0,0,0,2,11,2020,13:57:51,4000,4000,4000.0,month,0,0,0,2.0,1,0,2,15,1,0,0,0,1,1,18
311,6,0,0,0,0,0,0,0,0,0,0,0,0,0,0,0,0,0,0,0,1,1,0,0,0,0,0,0,0,0,0,0,0,0,1,1,1,1,0,0,0,0,0,0,0,0,0,0,0,0,0,0,0,2,11,2020,13:57:52,13000,13000,13000.0,month,0,0,0,4.0,0,0,2,98,0,0,0,0,0,0,99
312,0,0,0,0,0,0,0,0,0,0,0,0,0,0,0,0,0,0,0,0,0,0,0,0,0,0,0,0,0,0,0,0,0,0,0,0,0,0,0,0,0,0,0,0,0,0,0,0,0,0,0,0,0,2,11,2020,13:57:52,8000,10000,9000.0,week,0,0,0,0.25,0,0,2,329,0,0,0,0,0,0,26
313,1,0,0,0,0,0,0,0,0,0,0,0,0,0,0,0,0,0,0,0,0,0,0,0,0,0,0,0,1,0,0,0,0,0,0,0,0,0,0,0,0,0,0,0,0,0,0,0,0,0,0,0,0,2,11,2020,13:57:53,15000,15000,15000.0,month,0,0,0,6.0,0,0,2,279,0,1,0,0,0,1,89
314,3,0,0,0,0,0,0,0,0,0,0,0,0,0,0,0,0,1,0,0,0,1,0,0,0,0,0,0,0,0,0,0,0,0,0,0,0,0,0,0,0,0,0,0,0,0,0,0,0,0,0,0,0,2,11,2020,13:57:54,2000,2000,2000.0,month,0,0,1,2.0,0,0,2,208,1,1,0,0,0,1,36
315,4,0,0,0,0,0,0,0,0,0,0,0,0,0,0,0,0,0,0,0,0,0,0,0,0,0,0,0,1,0,0,0,0,0,0,0,0,0,0,0,0,0,0,0,0,0,0,0,0,0,0,0,0,2,11,2020,13:57:54,15000,15000,15000.0,month,0,0,0,3.0,0,0,2,203,1,1,0,0,0,1,6
316,1,0,0,0,0,0,0,0,0,0,0,0,0,0,0,0,0,0,0,0,0,0,0,0,0,0,0,0,1,0,0,0,0,0,0,0,0,0,0,0,0,0,0,0,0,0,0,0,0,0,0,0,0,2,11,2020,13:57:56,10000,10000,10000.0,month,0,0,0,6.0,0,0,2,310,0,0,1,0,0,0,5
317,2,0,0,0,0,0,0,0,0,0,0,0,0,0,0,0,0,0,0,0,1,0,0,0,0,0,0,0,1,0,0,0,0,0,0,0,0,0,0,0,0,0,0,0,0,0,0,0,0,0,0,0,0,2,11,2020,13:57:57,10000,10000,10000.0,month,0,0,0,3.0,0,0,2,344,0,1,0,1,0,1,18
318,1,0,0,0,0,0,0,0,0,0,0,0,0,0,0,0,0,0,0,0,0,0,0,0,0,0,0,0,0,0,0,0,0,0,0,1,0,0,0,0,0,0,0,0,0,0,0,0,0,0,0,0,0,2,11,2020,13:57:57,3000,5000,4000.0,month,0,0,0,3.0,0,0,2,241,1,1,0,0,0,1,111
319,12,0,0,0,0,0,0,0,0,0,0,0,1,1,0,0,0,0,0,0,0,0,0,0,0,0,1,0,1,0,0,0,0,0,0,0,0,0,1,1,0,0,1,0,0,0,0,0,0,0,0,0,0,2,11,2020,13:57:59,10000,10000,10000.0,month,0,0,0,6.0,1,0,2,156,1,1,1,0,1,0,104
320,2,0,0,0,0,0,0,0,0,0,0,0,0,0,0,0,0,0,0,0,1,0,0,0,0,0,0,0,1,0,0,0,0,0,0,0,0,0,0,0,0,0,0,0,0,0,0,0,0,0,0,0,0,2,11,2020,13:58:03,10000,10000,10000.0,month,0,0,0,3.0,0,0,2,344,0,1,0,1,0,1,18
321,1,0,0,0,0,0,0,0,0,0,0,0,0,0,0,0,0,0,0,0,0,0,0,0,0,0,0,0,0,0,0,0,0,0,0,1,0,0,0,0,0,0,0,0,0,0,0,0,0,0,0,0,0,2,11,2020,13:58:04,3000,5000,4000.0,month,0,0,0,3.0,0,0,2,241,1,1,0,0,0,1,111
322,12,0,0,0,0,0,0,0,0,0,0,0,1,1,0,0,0,0,0,0,0,0,0,0,0,0,1,0,1,0,0,0,0,0,0,0,0,0,1,1,0,0,1,0,0,0,0,0,0,0,0,0,0,2,11,2020,13:58:04,10000,10000,10000.0,month,0,0,0,6.0,1,0,2,156,1,1,1,0,1,0,104
323,5,0,0,0,0,0,0,0,0,0,0,0,0,0,0,0,0,0,0,0,0,0,0,0,0,0,0,0,1,0,0,0,0,1,0,0,0,0,0,0,0,0,0,0,0,0,0,0,0,0,0,0,0,2,11,2020,13:58:05,15000,15000,15000.0,month,0,0,0,3.0,1,0,8,14,0,1,0,0,1,0,47
324,5,0,0,0,0,0,0,0,0,0,0,0,0,0,0,0,0,0,1,0,1,1,0,0,0,0,0,0,1,0,0,0,0,0,0,0,0,0,0,0,0,0,0,0,0,0,0,0,0,0,0,0,0,2,11,2020,13:58:07,10000,10000,10000.0,month,0,0,0,6.0,0,0,2,156,1,1,1,0,0,0,71
325,6,0,0,0,0,0,0,0,0,0,0,0,0,0,0,0,0,0,0,0,1,1,0,0,0,0,0,1,1,0,0,0,1,0,0,0,0,0,0,0,0,0,0,0,0,0,0,0,0,0,0,0,0,2,11,2020,13:58:07,10000,10000,10000.0,month,0,0,0,3.0,1,0,2,156,1,1,1,0,1,0,18
326,4,0,0,0,0,0,0,0,0,0,0,0,0,0,0,0,0,0,0,0,0,0,0,0,0,0,0,0,1,0,0,0,0,0,0,0,0,0,0,0,0,0,0,0,0,0,0,0,0,1,1,0,0,2,11,2020,13:58:08,5000,8000,6500.0,month,0,0,0,6.0,1,0,2,202,1,1,1,1,1,1,36
327,5,0,0,0,0,0,0,0,0,0,0,0,0,0,0,0,0,0,0,0,0,0,0,0,0,0,0,0,0,0,1,0,0,1,0,0,0,0,0,0,0,1,0,0,0,0,0,0,0,0,0,0,0,2,11,2020,13:58:09,15000,15000,15000.0,month,0,0,0,6.0,0,0,2,295,0,0,0,1,0,0,47
328,5,0,0,0,0,0,1,0,0,0,0,0,0,0,0,0,0,0,1,1,0,0,0,0,0,0,0,0,0,0,0,0,0,0,0,0,0,0,0,0,0,0,0,0,0,0,1,1,0,0,0,0,0,2,11,2020,13:58:10,6000,6000,6000.0,month,0,0,0,6.0,0,0,2,114,0,0,0,0,0,0,48
329,1,0,0,0,0,0,0,0,0,0,0,0,0,0,0,0,0,0,0,0,0,0,0,0,0,0,0,0,1,0,0,0,0,0,0,0,0,0,0,0,0,0,0,0,0,0,0,0,0,0,0,0,0,2,11,2020,13:58:10,15000,15000,15000.0,month,0,0,0,6.0,0,0,2,279,0,1,0,0,0,1,117
330,6,0,0,0,0,0,0,0,0,0,0,0,0,0,0,0,0,0,0,0,0,0,0,1,0,0,0,0,0,0,0,1,0,0,0,0,0,0,0,0,0,0,1,0,0,0,0,0,0,0,0,0,0,2,11,2020,13:58:11,2500,2500,2500.0,month,0,0,0,4.0,0,0,4,71,1,1,0,0,0,1,65
331,4,0,0,0,0,0,0,0,0,0,0,0,0,0,1,0,0,0,0,0,1,0,0,0,0,0,0,0,0,0,0,0,0,0,1,0,0,1,0,0,0,0,0,0,0,0,0,0,0,0,0,0,0,2,11,2020,13:58:12,10000,10000,10000.0,month,0,0,1,3.0,0,0,1,291,1,1,0,0,0,0,18
332,1,0,0,0,0,0,0,0,0,0,0,0,0,0,0,0,0,0,0,0,0,0,0,0,0,0,0,0,1,0,0,0,0,0,0,0,0,0,0,0,0,0,0,0,0,0,0,0,0,0,0,0,0,2,11,2020,13:58:13,10000,10000,10000.0,month,0,0,0,2.0,1,0,2,260,1,1,0,0,1,0,99
333,3,0,0,0,0,0,0,0,0,0,0,0,0,0,0,0,0,0,0,0,0,0,0,0,0,0,0,0,0,0,0,0,0,0,1,1,1,0,0,0,0,0,0,0,0,0,0,0,0,0,0,0,0,2,11,2020,13:58:13,10000,10000,10000.0,month,0,0,0,6.0,1,0,2,255,1,1,0,0,1,0,33
334,2,0,0,0,0,0,0,0,0,0,0,0,0,0,0,0,0,0,0,0,0,0,0,0,0,0,0,0,0,0,0,0,0,0,1,1,0,0,0,0,0,0,0,0,0,0,0,0,0,0,0,0,0,2,11,2020,13:58:14,5000,7000,6000.0,month,0,0,0,2.0,0,0,2,225,0,1,1,0,0,1,11
335,2,0,0,0,0,0,0,0,0,0,0,0,0,0,0,0,0,0,0,0,1,0,0,0,0,0,0,0,1,0,0,0,0,0,0,0,0,0,0,0,0,0,0,0,0,0,0,0,0,0,0,0,0,2,11,2020,13:58:16,10000,10000,10000.0,month,0,0,0,2.0,1,0,2,50,1,1,0,0,1,1,18
336,1,0,0,0,0,0,0,0,0,0,0,0,0,0,0,0,0,0,0,0,0,0,0,0,0,0,0,0,1,0,0,0,0,0,0,0,0,0,0,0,0,0,0,0,0,0,0,0,0,0,0,0,0,2,11,2020,13:58:17,5000,5000,5000.0,month,0,0,1,1.0,0,0,1,231,1,1,0,0,0,1,87
337,4,0,0,0,0,0,0,0,0,0,0,0,0,0,0,0,0,0,0,0,1,1,0,0,0,0,0,0,0,0,0,0,0,0,0,0,0,0,0,0,0,0,0,0,0,0,0,0,0,0,0,0,0,2,11,2020,13:58:18,10000,10000,10000.0,month,0,0,0,1.0,1,0,4,268,1,1,0,0,1,1,89
338,1,0,0,0,0,0,0,0,0,0,0,0,0,0,0,0,0,0,0,0,1,0,0,0,0,0,0,0,0,0,0,0,0,0,0,0,0,0,0,0,0,0,0,0,0,0,0,0,0,0,0,0,0,2,11,2020,13:58:19,7000,10000,8500.0,month,0,0,0,3.0,0,0,2,365,1,1,0,1,0,0,18
339,1,0,0,0,0,0,0,0,0,0,0,0,0,0,0,0,0,0,0,0,0,0,0,0,0,0,0,0,0,0,0,0,0,0,0,0,0,0,0,0,0,0,0,0,0,0,0,0,0,0,0,0,0,2,11,2020,13:58:20,8000,15000,11500.0,month,0,0,0,3.0,0,0,2,158,1,1,1,0,0,0,91
340,0,0,0,0,0,0,0,0,0,0,0,0,0,0,0,0,0,0,0,0,0,0,0,0,0,0,0,0,0,0,0,0,0,0,0,0,0,0,0,0,0,0,0,0,0,0,0,0,0,0,0,0,0,2,11,2020,13:58:21,5000,10000,7500.0,month,0,0,0,2.0,0,0,2,201,0,1,0,0,0,0,121
341,1,0,1,0,0,0,0,0,0,0,0,0,0,0,0,0,0,0,0,0,0,0,0,0,0,0,0,0,0,0,0,0,0,0,0,0,0,0,0,0,0,0,0,0,0,0,0,0,0,0,0,0,0,2,11,2020,13:58:22,10000,20000,15000.0,month,0,0,0,3.0,0,0,2,311,0,0,0,0,0,0,23
342,9,0,1,0,0,0,0,0,0,0,0,0,0,0,1,0,0,0,0,0,1,1,0,0,0,0,0,1,0,0,0,0,1,0,0,0,0,0,0,0,0,0,0,0,0,0,0,0,0,0,0,0,0,2,11,2020,13:58:23,22000,22000,22000.0,month,0,0,0,1.0,1,0,2,169,0,1,0,0,1,0,0
343,3,0,0,0,0,0,1,0,0,0,0,0,0,0,0,0,0,0,0,0,0,0,0,0,0,0,0,0,1,0,0,0,0,0,1,0,0,0,0,0,0,0,0,0,0,0,0,0,0,0,0,0,0,2,11,2020,13:58:24,6000,6000,6000.0,month,0,0,1,6.0,0,0,2,210,0,1,0,0,0,1,95
344,2,0,0,0,0,0,1,0,0,0,0,0,0,0,0,0,0,0,0,0,0,0,0,0,0,0,0,0,1,0,0,0,0,0,0,0,0,0,0,0,0,0,0,0,0,0,0,0,0,0,0,0,0,2,11,2020,13:58:25,7500,12500,10000.0,month,0,0,0,6.0,0,0,2,210,1,1,0,0,0,1,55
345,0,0,0,0,0,0,0,0,0,0,0,0,0,0,0,0,0,0,0,0,0,0,0,0,0,0,0,0,0,0,0,0,0,0,0,0,0,0,0,0,0,0,0,0,0,0,0,0,0,0,0,0,0,2,11,2020,13:58:26,6000,6000,6000.0,month,0,0,0,3.0,0,0,2,301,0,0,0,0,0,0,18
346,4,0,0,0,0,0,1,1,0,0,0,0,0,0,0,0,0,0,0,0,0,0,0,0,0,0,0,0,1,0,0,0,0,0,0,0,0,0,0,0,1,0,0,0,0,0,0,0,0,0,0,0,0,2,11,2020,13:58:27,8000,8000,8000.0,month,0,0,0,6.0,0,0,2,362,1,1,0,0,0,0,106
347,4,0,0,0,0,0,0,0,0,0,0,0,0,0,0,0,0,0,0,0,0,0,0,0,0,0,0,0,0,0,0,0,0,0,1,1,1,1,0,0,0,0,0,0,0,0,0,0,0,0,0,0,0,2,11,2020,13:58:27,4000,4000,4000.0,month,0,0,1,1.5,0,0,1,289,1,1,0,0,0,1,72
348,5,0,0,0,0,0,0,0,0,0,0,0,0,0,0,0,0,0,0,0,0,0,0,0,0,0,0,0,0,0,0,0,0,0,1,1,1,1,0,0,0,0,0,0,1,0,0,0,0,0,0,0,0,2,11,2020,13:58:28,7000,7000,7000.0,month,0,0,0,1.5,1,0,6,289,1,1,0,0,1,1,18
349,2,0,0,0,0,0,0,0,0,0,0,0,0,0,0,0,0,0,0,0,0,0,0,0,0,0,0,0,0,0,0,0,0,0,0,0,0,0,0,0,0,1,0,0,0,0,0,0,0,0,0,0,0,2,11,2020,13:58:29,5000,5000,5000.0,month,0,0,0,1.0,0,0,6,298,0,1,0,0,0,1,85
350,4,0,0,0,0,0,0,0,0,0,0,0,0,0,0,0,0,0,1,1,0,0,0,0,0,0,0,0,1,0,0,0,0,0,0,0,0,0,0,0,0,0,0,0,0,0,0,1,0,0,0,0,0,2,11,2020,13:58:30,2000,2000,2000.0,month,0,0,1,3.0,1,0,6,39,1,1,0,0,1,1,110
351,2,0,0,0,0,0,0,0,0,0,0,0,0,0,0,0,0,0,0,0,1,1,0,0,0,0,0,0,0,0,0,0,0,0,0,0,0,0,0,0,0,0,0,0,0,0,0,0,0,0,0,0,0,2,11,2020,13:58:31,15000,15000,15000.0,month,0,0,0,3.0,1,0,2,78,0,1,0,0,1,0,72
352,1,0,0,0,0,0,0,0,0,0,0,0,0,0,0,0,0,0,0,0,0,0,0,0,0,0,0,0,1,0,0,0,0,0,0,0,0,0,0,0,0,0,0,0,0,0,0,0,0,0,0,0,0,2,11,2020,13:58:31,15000,15000,15000.0,month,0,0,0,6.0,0,0,2,372,0,0,0,0,0,0,84
353,2,0,0,0,0,0,0,0,0,0,0,0,0,0,1,0,0,0,1,0,0,0,0,0,0,0,0,0,0,0,0,0,0,0,0,0,0,0,0,0,0,0,0,0,0,0,0,0,0,0,0,0,0,2,11,2020,13:58:32,8000,15000,11500.0,month,0,0,0,3.0,0,0,2,158,1,1,1,0,0,0,88
354,5,0,0,1,0,0,1,0,1,0,0,0,0,0,0,0,0,0,0,0,0,0,0,0,0,0,0,0,0,0,0,0,0,0,0,0,0,0,0,0,0,0,0,0,0,0,0,0,0,0,0,0,0,2,11,2020,13:58:33,8000,8000,8000.0,month,0,0,0,6.0,0,0,2,8,0,1,0,0,0,0,147
355,12,0,0,0,1,0,1,0,0,0,0,0,0,1,0,0,0,0,0,0,0,0,0,0,0,0,1,0,0,0,0,1,0,0,0,0,0,0,0,0,0,1,0,0,0,0,0,1,0,0,0,0,0,2,11,2020,13:58:34,5000,5000,5000.0,month,0,0,0,4.0,0,0,4,87,0,1,0,0,0,0,151
356,5,0,0,0,0,0,0,0,0,0,0,0,0,0,0,0,0,0,1,1,0,0,1,0,0,0,0,0,0,0,0,0,0,0,0,0,0,0,0,0,0,0,0,0,0,1,1,0,0,0,0,0,0,2,11,2020,13:58:34,7000,7000,7000.0,month,0,0,0,4.0,0,0,2,87,0,1,0,0,0,0,89
357,10,0,0,0,0,0,0,0,0,0,0,0,0,0,0,0,0,0,1,0,1,1,1,0,0,0,0,1,1,1,0,0,1,0,0,0,0,0,0,0,0,0,0,0,0,0,0,1,0,0,0,0,0,2,11,2020,13:58:35,5000,5000,5000.0,month,0,0,0,2.0,0,0,2,233,0,1,1,0,0,1,89
358,13,0,0,0,0,0,0,0,0,0,0,0,0,1,0,0,0,0,0,0,0,0,0,1,0,0,1,0,1,0,0,1,0,0,0,0,0,0,1,0,0,1,0,0,0,0,0,0,0,0,0,0,0,2,11,2020,13:58:36,9000,9000,9000.0,month,0,0,0,2.0,0,0,2,233,1,1,1,0,0,1,151
359,1,0,0,0,0,0,0,0,0,0,0,0,0,0,0,0,0,0,0,0,0,0,0,0,0,0,0,0,1,0,0,0,0,0,0,0,0,0,0,0,0,0,0,0,0,0,0,0,0,0,0,0,0,2,11,2020,13:58:38,10000,10000,10000.0,month,0,0,0,3.0,0,0,2,66,1,1,0,0,0,0,17
360,3,0,0,0,0,0,0,0,0,0,0,0,0,0,0,0,0,0,0,0,0,0,0,0,0,0,0,0,1,0,0,1,0,0,0,0,0,0,0,0,0,0,1,0,0,0,0,0,0,0,0,0,0,2,11,2020,13:58:41,15000,15000,15000.0,month,0,0,0,3.0,1,0,8,14,0,1,0,0,1,0,142
361,4,0,1,0,0,0,0,0,0,0,0,0,0,0,0,0,0,0,0,0,0,0,0,0,0,0,0,0,0,0,0,0,0,0,1,1,0,0,0,0,0,0,0,0,0,0,0,0,1,0,0,0,0,2,11,2020,13:58:41,5000,8000,6500.0,month,0,0,0,6.0,0,0,2,47,0,1,1,0,0,1,0
362,3,0,0,0,0,0,0,0,0,0,0,0,0,0,0,0,0,1,0,0,0,0,0,0,0,0,0,0,1,0,0,0,0,0,0,0,0,0,0,0,0,0,0,0,0,0,0,0,0,0,0,0,0,2,11,2020,13:58:42,8000,12000,10000.0,month,0,0,0,3.0,0,0,2,221,1,1,0,0,0,0,36
363,1,0,0,0,0,0,0,0,0,0,0,0,0,0,0,0,0,0,0,0,0,0,0,0,0,0,0,0,1,0,0,0,0,0,0,0,0,0,0,0,0,0,0,0,0,0,0,0,0,0,0,0,0,2,11,2020,13:58:43,5000,5000,5000.0,month,0,0,0,1.0,0,0,2,306,1,1,0,1,0,0,18
364,3,0,0,0,0,0,0,0,0,0,0,0,0,0,0,0,0,0,1,0,0,1,0,0,0,0,0,0,0,0,0,0,1,0,0,0,0,0,0,0,0,0,0,0,0,0,0,0,0,0,0,0,0,2,11,2020,13:58:43,12000,12000,12000.0,month,0,0,0,3.0,0,0,2,327,1,0,0,0,0,1,48
365,3,0,0,0,0,0,0,0,0,0,1,0,0,0,0,0,0,0,0,0,0,0,0,0,0,0,0,0,1,0,0,0,0,0,0,0,0,0,0,0,0,0,0,0,0,0,0,0,0,0,0,0,0,2,11,2020,13:58:44,5000,5000,5000.0,month,0,0,0,6.0,0,0,2,32,1,1,0,0,0,0,75
366,3,0,0,0,0,0,0,0,0,0,0,0,0,0,0,0,0,0,0,0,1,0,0,0,0,0,0,1,0,0,0,0,0,0,0,0,0,0,0,0,0,0,0,0,1,0,0,0,0,0,0,0,0,2,11,2020,13:58:45,5000,5000,5000.0,month,0,0,0,1.0,0,0,6,4,1,1,0,0,0,0,58
367,4,0,0,0,0,0,0,0,0,0,0,0,0,0,0,0,0,1,0,0,0,0,0,0,0,0,0,0,1,0,0,0,0,0,0,0,0,0,0,0,0,0,0,0,0,0,0,0,0,1,1,0,0,2,11,2020,13:58:46,5000,10000,7500.0,month,0,0,0,1.0,0,0,6,313,1,1,0,0,0,1,147
368,6,0,0,0,0,0,0,0,0,0,0,0,0,0,1,0,0,0,0,1,1,1,0,0,0,0,0,0,1,0,0,0,0,0,0,0,0,0,0,0,0,0,0,0,0,0,0,1,0,0,0,0,0,2,11,2020,13:58:47,7500,10000,8750.0,month,0,0,0,3.0,0,0,2,269,1,1,1,0,0,1,18
369,1,0,0,0,0,0,0,0,0,0,0,0,0,0,0,0,0,0,0,0,0,0,0,0,0,0,0,0,1,0,0,0,0,0,0,0,0,0,0,0,0,0,0,0,0,0,0,0,0,0,0,0,0,2,11,2020,13:58:47,7000,12000,9500.0,month,0,0,0,6.0,0,0,2,13,1,1,1,1,0,1,96
370,0,0,0,0,0,0,0,0,0,0,0,0,0,0,0,0,0,0,0,0,0,0,0,0,0,0,0,0,0,0,0,0,0,0,0,0,0,0,0,0,0,0,0,0,0,0,0,0,0,0,0,0,0,2,11,2020,13:58:48,10000,15000,12500.0,month,0,0,0,2.0,0,0,2,22,1,1,0,0,0,0,126
371,3,0,0,1,0,0,0,0,0,0,0,0,0,0,0,1,0,0,0,0,0,0,0,0,0,0,0,0,1,0,0,0,0,0,0,0,0,0,0,0,0,0,0,0,0,0,0,0,0,0,0,0,0,2,11,2020,13:58:49,8000,8000,8000.0,month,0,0,0,2.0,0,0,2,288,1,1,0,0,0,0,69
372,7,0,0,1,1,1,1,1,1,0,0,0,0,0,0,0,0,0,0,0,0,0,0,0,0,0,0,0,1,0,0,0,0,0,0,0,0,0,0,0,0,0,0,0,0,0,0,0,0,0,0,0,0,2,11,2020,13:58:49,10000,15000,12500.0,month,0,0,0,6.0,0,0,2,305,0,1,0,1,0,0,70
373,4,0,0,0,0,0,0,0,0,0,0,0,0,0,0,0,0,0,1,0,0,0,0,0,0,0,0,0,1,0,0,0,0,0,0,0,0,0,0,0,0,0,0,0,0,0,1,1,0,0,0,0,0,2,11,2020,13:58:51,8000,8000,8000.0,month,0,0,0,3.0,0,0,2,312,0,1,0,0,0,0,48
374,6,0,0,0,0,0,0,0,0,0,0,0,0,0,0,0,0,0,0,0,0,0,0,0,0,0,0,0,0,0,0,0,0,0,0,0,0,0,1,1,0,0,1,0,0,0,0,0,0,0,0,0,0,2,11,2020,13:58:51,5000,5000,5000.0,month,0,0,0,6.0,1,0,18,251,0,1,0,0,1,0,151
375,0,0,0,0,0,0,0,0,0,0,0,0,0,0,0,0,0,0,0,0,0,0,0,0,0,0,0,0,0,0,0,0,0,0,0,0,0,0,0,0,0,0,0,0,0,0,0,0,0,0,0,0,0,2,11,2020,13:58:52,6000,6000,6000.0,month,0,0,0,6.0,0,0,19,251,0,1,0,0,0,0,36
376,0,0,0,0,0,0,0,0,0,0,0,0,0,0,0,0,0,0,0,0,0,0,0,0,0,0,0,0,0,0,0,0,0,0,0,0,0,0,0,0,0,0,0,0,0,0,0,0,0,0,0,0,0,2,11,2020,13:58:53,5000,10000,7500.0,month,0,0,0,6.0,1,0,2,253,1,1,0,0,1,1,3
377,5,0,0,0,0,0,0,0,0,0,0,0,0,0,0,0,0,0,0,0,0,0,0,0,0,0,0,0,1,0,1,0,0,0,0,0,0,0,0,0,0,0,1,0,0,0,0,0,0,0,0,0,0,2,11,2020,13:58:54,15000,15000,15000.0,month,0,0,0,3.0,1,0,8,14,0,1,0,0,1,0,79
378,1,0,0,0,0,0,0,0,0,0,0,0,0,0,0,0,0,0,0,0,0,0,0,0,0,0,0,0,1,0,0,0,0,0,0,0,0,0,0,0,0,0,0,0,0,0,0,0,0,0,0,0,0,2,11,2020,13:58:55,12000,12000,12000.0,month,0,0,0,6.0,0,0,9,228,1,1,0,0,0,0,102
379,3,0,0,0,0,0,0,0,0,0,0,0,0,0,0,0,0,0,0,0,0,0,1,0,0,0,0,0,0,1,0,0,0,0,0,0,0,0,0,0,0,0,0,0,0,0,0,0,0,0,0,1,0,2,11,2020,13:58:56,10000,10000,10000.0,month,0,0,0,3.0,0,0,2,174,1,1,0,0,0,1,18
380,1,0,0,0,0,0,0,0,0,0,0,0,0,0,0,0,0,1,0,0,0,0,0,0,0,0,0,0,0,0,0,0,0,0,0,0,0,0,0,0,0,0,0,0,0,0,0,0,0,0,0,0,0,2,11,2020,13:58:57,8000,8000,8000.0,month,0,0,0,3.0,0,0,2,365,1,1,0,0,0,0,16
381,1,0,0,0,0,0,0,0,0,0,0,0,0,0,0,0,0,0,0,0,0,0,0,0,0,0,0,0,0,0,0,0,0,0,0,0,0,0,0,0,0,0,0,0,1,0,0,0,0,0,0,0,0,2,11,2020,13:58:58,10000,10000,10000.0,month,0,0,0,3.0,0,0,2,60,0,1,0,0,0,0,18
382,2,0,0,0,0,0,0,0,0,0,0,0,0,0,0,0,0,0,0,0,0,0,1,0,0,0,0,0,0,0,0,0,0,0,0,0,0,0,0,0,0,0,0,0,0,0,0,1,0,0,0,0,0,2,11,2020,13:58:58,10000,10000,10000.0,month,0,0,0,4.0,0,0,2,133,0,1,0,0,0,1,89
383,2,0,0,0,0,0,0,0,0,0,0,0,0,0,0,0,0,0,0,0,1,1,0,0,0,0,0,0,0,0,0,0,0,0,0,0,0,0,0,0,0,0,0,0,0,0,0,0,0,0,0,0,0,2,11,2020,13:58:59,5000,5000,5000.0,month,0,0,0,2.0,0,0,2,175,1,1,0,0,0,0,89
384,4,0,0,0,0,0,0,0,0,0,0,0,0,0,0,0,0,1,1,0,0,1,0,0,0,0,0,0,0,0,0,0,0,0,0,0,0,0,0,0,0,0,0,0,0,0,0,1,0,0,0,0,0,2,11,2020,13:59:00,8000,8000,8000.0,month,0,0,0,6.0,0,0,2,138,1,1,0,0,0,1,126
385,5,0,0,0,0,0,0,0,0,0,0,0,0,0,0,0,0,0,0,0,0,0,0,0,0,0,0,0,1,0,0,0,0,0,0,0,0,0,0,0,0,0,0,0,0,0,0,0,0,0,0,0,0,2,11,2020,13:59:01,5000,5000,5000.0,month,0,0,0,6.0,0,0,2,35,1,1,0,1,0,1,51
386,3,0,0,0,0,0,1,0,0,0,0,0,0,0,0,0,0,0,1,0,0,0,0,0,0,0,0,0,0,0,0,0,0,0,0,0,0,0,0,0,0,0,0,0,0,0,0,1,0,0,0,0,0,2,11,2020,13:59:01,10000,10000,10000.0,month,0,0,0,6.0,1,0,2,188,1,1,0,0,1,0,36
387,0,0,0,0,0,0,0,0,0,0,0,0,0,0,0,0,0,0,0,0,0,0,0,0,0,0,0,0,0,0,0,0,0,0,0,0,0,0,0,0,0,0,0,0,0,0,0,0,0,0,0,0,0,2,11,2020,13:59:02,5000,5000,5000.0,month,0,0,0,2.0,1,0,2,143,1,1,0,0,1,0,89
388,3,0,0,0,0,0,0,0,0,0,0,0,0,0,0,0,0,0,0,0,1,1,0,0,0,0,0,0,0,0,0,0,0,0,0,1,0,0,0,0,0,0,0,0,0,0,0,0,0,0,0,0,0,2,11,2020,13:59:03,2000,4000,3000.0,month,0,0,0,6.0,1,0,6,195,0,1,0,0,1,0,15
389,3,0,0,0,0,0,0,0,0,0,0,0,0,0,0,0,0,0,0,0,0,0,0,0,0,0,0,0,1,0,0,0,0,0,0,0,0,0,0,0,0,0,0,0,0,0,0,0,0,0,0,0,0,2,11,2020,13:59:04,17500,17500,17500.0,month,0,0,0,6.0,1,0,5,20,1,1,1,0,1,0,18
390,1,0,0,0,0,0,0,0,0,0,0,0,0,0,0,0,0,0,0,0,0,0,0,0,0,0,0,0,1,0,0,0,0,0,0,0,0,0,0,0,0,0,0,0,0,0,0,0,0,0,0,0,0,2,11,2020,13:59:04,22000,22000,22000.0,month,0,0,0,6.0,1,0,2,100,1,1,1,1,1,1,41
391,2,0,0,0,0,0,0,0,0,0,0,0,0,0,0,0,0,0,0,0,0,0,0,0,0,0,0,0,1,1,0,0,0,0,0,0,0,0,0,0,0,0,0,0,0,0,0,0,0,0,0,0,0,2,11,2020,13:59:05,6000,9000,7500.0,month,0,0,0,3.0,0,0,15,338,1,1,0,0,0,0,126
392,0,0,0,0,0,0,0,0,0,0,0,0,0,0,0,0,0,0,0,0,0,0,0,0,0,0,0,0,0,0,0,0,0,0,0,0,0,0,0,0,0,0,0,0,0,0,0,0,0,0,0,0,0,2,11,2020,13:59:06,10000,10000,10000.0,month,0,0,0,3.0,0,0,2,104,0,0,0,1,0,0,17
393,5,0,0,0,0,0,0,0,0,1,0,0,0,0,0,0,0,0,0,0,0,0,0,0,0,0,0,0,1,0,1,0,0,0,0,0,0,0,0,0,0,0,0,0,0,0,0,0,0,0,0,0,1,2,11,2020,13:59:07,10000,15000,12500.0,month,0,0,0,3.0,1,0,2,31,0,1,0,0,1,1,96
394,3,0,0,0,0,0,0,0,0,0,0,0,0,0,0,0,0,0,0,0,1,1,0,0,0,0,0,0,0,0,0,0,0,0,1,0,0,0,0,0,0,0,0,0,0,0,0,0,0,0,0,0,0,2,11,2020,13:59:07,5000,10000,7500.0,month,0,0,0,6.0,1,0,2,253,1,1,0,0,1,1,18
395,1,0,0,0,0,0,0,0,0,0,0,0,0,0,0,0,0,0,0,0,0,0,0,0,0,0,0,0,1,0,0,0,0,0,0,0,0,0,0,0,0,0,0,0,0,0,0,0,0,0,0,0,0,2,11,2020,13:59:10,10000,15000,12500.0,month,0,0,0,6.0,1,0,2,41,1,1,0,1,1,1,70
396,2,0,0,0,0,0,0,0,0,0,0,0,0,0,0,0,0,0,0,0,1,1,0,0,0,0,0,0,0,0,0,0,0,0,0,0,0,0,0,0,0,0,0,0,0,0,0,0,0,0,0,0,0,2,11,2020,13:59:10,10000,10000,10000.0,month,0,0,0,6.0,1,0,2,188,0,1,0,0,1,0,18
397,1,0,0,0,0,0,0,0,0,0,0,0,0,0,0,0,0,0,0,0,0,0,0,0,0,0,0,0,0,0,0,0,0,0,0,0,0,0,0,0,0,0,0,0,0,0,0,0,0,0,0,0,0,2,11,2020,13:59:11,5000,10000,7500.0,month,0,0,0,6.0,0,0,1,19,0,0,0,0,0,0,18
398,6,0,0,0,0,0,0,0,0,0,0,0,0,0,0,0,0,0,0,0,0,1,0,0,0,0,0,0,1,0,0,0,0,0,0,1,0,0,0,0,0,0,0,0,0,0,0,0,0,0,0,0,0,2,11,2020,13:59:12,30000,30000,30000.0,lump_sum,0,0,0,3.0,0,0,2,135,1,1,0,0,0,1,19
399,0,0,0,0,0,0,0,0,0,0,0,0,0,0,0,0,0,0,0,0,0,0,0,0,0,0,0,0,0,0,0,0,0,0,0,0,0,0,0,0,0,0,0,0,0,0,0,0,0,0,0,0,0,2,11,2020,13:59:13,15000,15000,15000.0,month,0,0,0,3.0,0,0,2,12,0,0,0,0,0,0,131
400,0,0,0,0,0,0,0,0,0,0,0,0,0,0,0,0,0,0,0,0,0,0,0,0,0,0,0,0,0,0,0,0,0,0,0,0,0,0,0,0,0,0,0,0,0,0,0,0,0,0,0,0,0,2,11,2020,13:59:16,15000,15000,15000.0,month,0,0,0,3.0,0,0,2,12,0,0,0,0,0,0,112
401,4,0,0,0,0,0,0,0,0,0,0,0,0,0,0,0,0,0,0,0,0,0,0,0,0,0,0,0,0,0,0,0,0,0,1,1,0,0,0,0,0,0,0,0,0,0,0,0,0,0,0,0,0,2,11,2020,13:59:17,5000,5000,5000.0,month,0,0,0,3.0,0,0,2,83,0,0,0,0,0,0,100
402,4,0,0,0,0,1,1,0,0,0,0,0,0,0,0,0,1,0,0,0,0,0,0,0,0,0,0,0,0,0,0,0,0,0,0,1,0,0,0,0,0,0,0,0,0,0,0,0,0,0,0,0,0,2,11,2020,13:59:17,6000,6000,6000.0,month,0,0,0,6.0,1,0,2,263,0,1,0,0,1,0,55
403,3,0,0,0,0,0,0,0,0,0,0,0,0,0,0,0,0,0,0,0,1,1,0,0,0,0,0,0,0,0,0,0,0,0,0,1,0,0,0,0,0,0,0,0,0,0,0,0,0,0,0,0,0,2,11,2020,13:59:18,5000,5000,5000.0,month,0,0,0,6.0,1,0,2,263,1,1,0,0,1,0,94
404,0,0,0,0,0,0,0,0,0,0,0,0,0,0,0,0,0,0,0,0,0,0,0,0,0,0,0,0,0,0,0,0,0,0,0,0,0,0,0,0,0,0,0,0,0,0,0,0,0,0,0,0,0,2,11,2020,13:59:19,6000,6000,6000.0,month,0,0,0,6.0,1,0,2,263,0,1,0,0,1,0,1
405,0,0,0,0,0,0,0,0,0,0,0,0,0,0,0,0,0,0,0,0,0,0,0,0,0,0,0,0,0,0,0,0,0,0,0,0,0,0,0,0,0,0,0,0,0,0,0,0,0,0,0,0,0,2,11,2020,13:59:20,10000,10000,10000.0,month,0,0,0,3.0,0,0,2,54,1,1,0,0,0,0,18
406,1,0,0,0,0,0,0,0,0,0,0,0,0,0,0,0,0,0,0,0,0,0,0,0,0,0,0,0,1,0,0,0,0,0,0,0,0,0,0,0,0,0,0,0,0,0,0,0,0,0,0,0,0,2,11,2020,13:59:21,9000,9000,9000.0,month,0,0,0,3.0,0,0,2,361,1,1,0,0,0,0,43
407,1,0,0,0,0,0,0,0,0,0,0,0,0,0,0,0,0,0,0,0,0,0,0,0,0,0,0,0,1,0,0,0,0,0,0,0,0,0,0,0,0,0,0,0,0,0,0,0,0,0,0,0,0,2,11,2020,13:59:22,2000,2000,2000.0,month,0,0,1,3.0,1,0,2,105,0,1,1,0,1,0,18
408,3,0,0,0,0,0,0,0,0,0,0,0,0,0,0,0,0,0,0,0,0,0,0,0,0,0,0,0,1,0,0,0,0,0,0,0,0,0,0,0,0,0,0,0,0,0,0,0,0,0,0,0,1,2,11,2020,13:59:22,15000,15000,15000.0,month,0,0,0,3.0,0,0,2,163,1,1,0,0,0,0,96
409,0,0,0,0,0,0,0,0,0,0,0,0,0,0,0,0,0,0,0,0,0,0,0,0,0,0,0,0,0,0,0,0,0,0,0,0,0,0,0,0,0,0,0,0,0,0,0,0,0,0,0,0,0,2,11,2020,13:59:24,18000,18000,18000.0,month,0,0,0,6.0,0,0,2,371,0,0,0,0,0,0,18
410,1,0,0,0,0,0,0,0,0,0,0,0,0,0,0,0,0,0,0,0,0,0,0,0,0,0,0,0,0,0,0,0,0,0,0,0,0,0,0,0,0,0,0,0,0,0,0,0,0,0,0,0,0,2,11,2020,13:59:24,10000,10000,10000.0,month,0,0,0,6.0,1,0,2,324,1,1,1,0,1,0,118
411,4,0,0,0,0,1,0,0,0,0,0,0,0,0,0,0,0,0,0,0,0,0,0,0,0,0,0,0,0,0,0,0,0,0,0,0,0,0,0,0,1,0,0,0,0,0,0,1,0,0,0,0,0,2,11,2020,13:59:26,2000,2000,2000.0,month,0,0,1,3.0,0,0,2,43,1,1,0,0,0,0,14
412,4,0,0,0,0,0,0,0,0,0,0,0,0,0,0,0,0,0,0,0,0,0,1,0,0,0,0,0,1,1,0,0,0,0,0,0,0,0,0,0,0,0,0,0,0,0,0,1,0,0,0,0,0,2,11,2020,13:59:26,6000,12000,9000.0,month,0,0,0,3.0,1,0,2,40,1,1,1,1,1,1,18
413,1,0,0,0,0,0,0,0,0,0,0,0,0,0,0,0,0,0,0,0,0,0,0,0,0,0,0,0,1,0,0,0,0,0,0,0,0,0,0,0,0,0,0,0,0,0,0,0,0,0,0,0,0,2,11,2020,13:59:27,6500,6500,6500.0,month,0,0,0,2.0,1,1,4,261,1,1,0,0,1,0,18
414,3,0,0,0,0,0,0,0,0,0,0,0,0,0,0,0,0,0,0,0,0,0,0,0,0,0,0,0,1,0,0,0,0,0,1,1,0,0,0,0,0,0,0,0,0,0,0,0,0,0,0,0,0,2,11,2020,13:59:28,12000,16000,14000.0,month,0,0,0,6.0,1,0,2,368,0,0,0,0,1,0,99
415,5,0,0,1,0,0,0,0,1,0,0,0,0,0,0,0,0,0,0,0,0,0,0,0,0,0,0,0,0,0,0,0,0,0,0,0,0,0,0,0,0,0,0,0,0,0,0,0,0,1,1,0,0,2,11,2020,13:59:29,15000,15000,15000.0,month,0,0,0,2.0,0,0,2,239,1,1,0,0,0,0,147
416,3,0,0,0,0,0,0,0,0,0,0,0,0,0,0,0,0,0,1,0,0,0,0,0,0,1,0,0,0,0,0,0,0,0,0,0,0,0,0,0,0,0,0,0,0,0,0,1,0,0,0,0,0,2,11,2020,13:59:29,5000,5000,5000.0,month,0,0,0,4.0,1,0,2,264,0,1,0,0,1,0,18
417,3,0,0,0,0,0,0,0,0,0,0,1,0,0,0,0,0,0,0,0,1,1,0,0,0,0,0,0,0,0,0,0,0,0,0,0,0,0,0,0,0,0,0,0,0,0,0,0,0,0,0,0,0,2,11,2020,13:59:30,8000,8000,8000.0,month,0,0,0,3.0,1,0,2,26,1,1,1,0,1,0,36
418,0,0,0,0,0,0,0,0,0,0,0,0,0,0,0,0,0,0,0,0,0,0,0,0,0,0,0,0,0,0,0,0,0,0,0,0,0,0,0,0,0,0,0,0,0,0,0,0,0,0,0,0,0,2,11,2020,13:59:31,15000,15000,15000.0,month,0,0,0,2.0,0,0,2,124,0,1,1,0,0,0,151
419,0,0,0,0,0,0,0,0,0,0,0,0,0,0,0,0,0,0,0,0,0,0,0,0,0,0,0,0,0,0,0,0,0,0,0,0,0,0,0,0,0,0,0,0,0,0,0,0,0,0,0,0,0,2,11,2020,13:59:32,8000,8000,8000.0,month,0,0,0,3.0,1,0,2,26,1,1,1,0,1,0,18
420,4,0,0,0,0,0,0,0,0,1,0,0,0,0,0,0,0,0,0,0,0,0,0,1,0,0,0,0,1,0,1,0,0,0,0,0,0,0,0,0,0,0,0,0,0,0,0,0,0,0,0,0,0,2,11,2020,13:59:32,15000,15000,15000.0,month,0,0,0,6.0,0,0,2,150,1,1,1,0,0,1,96
421,1,0,0,0,0,0,0,0,0,0,0,0,0,0,0,0,0,0,0,0,0,0,0,0,0,0,0,0,1,0,0,0,0,0,0,0,0,0,0,0,0,0,0,0,0,0,0,0,0,0,0,0,0,2,11,2020,13:59:34,5000,5000,5000.0,month,0,0,1,2.0,1,0,1,176,1,1,0,1,1,0,18
422,1,0,0,0,0,0,0,0,0,0,0,0,0,0,0,0,0,0,0,0,0,0,0,0,0,0,0,0,1,0,0,0,0,0,0,0,0,0,0,0,0,0,0,0,0,0,0,0,0,0,0,0,0,2,11,2020,13:59:35,7000,12000,9500.0,month,0,0,0,1.0,0,0,2,235,0,0,0,1,0,1,18
423,1,0,0,0,0,0,0,0,0,0,0,0,0,0,0,0,0,0,0,0,0,0,0,0,0,0,0,0,1,0,0,0,0,0,0,0,0,0,0,0,0,0,0,0,0,0,0,0,0,0,0,0,0,2,11,2020,13:59:35,20000,20000,20000.0,month,0,0,0,6.0,0,0,2,53,0,0,1,1,0,0,109
424,3,0,0,0,0,0,0,0,0,0,0,0,0,0,0,0,0,0,0,0,1,1,0,0,0,0,0,0,0,0,0,0,0,0,1,0,0,0,0,0,0,0,0,0,0,0,0,0,0,0,0,0,0,2,11,2020,13:59:37,8000,8000,8000.0,month,0,0,0,6.0,1,0,2,263,0,1,0,0,1,0,99
425,8,0,0,0,0,0,0,0,0,0,0,0,0,0,0,0,0,0,0,0,0,0,0,0,0,0,0,0,1,0,0,0,0,0,0,0,0,0,0,0,0,1,1,0,0,0,0,0,0,0,0,0,0,2,11,2020,13:59:37,10000,10000,10000.0,month,0,0,0,6.0,0,0,2,86,0,1,0,0,0,1,151
426,2,0,0,0,0,0,1,0,0,0,0,0,0,0,0,0,0,0,0,0,0,1,0,0,0,0,0,0,0,0,0,0,0,0,0,0,0,0,0,0,0,0,0,0,0,0,0,0,0,0,0,0,0,2,11,2020,13:59:39,5000,5000,5000.0,month,0,0,0,6.0,1,0,2,263,0,1,0,0,1,0,126
427,4,0,0,0,0,1,1,0,0,0,0,0,0,0,0,0,1,0,0,0,0,1,0,0,0,0,0,0,0,0,0,0,0,0,0,0,0,0,0,0,0,0,0,0,0,0,0,0,0,0,0,0,0,2,11,2020,13:59:40,6000,6000,6000.0,month,0,0,0,6.0,1,0,2,263,0,1,0,0,1,0,70
428,3,0,0,1,0,1,1,0,0,0,0,0,0,0,0,0,0,0,0,0,0,0,0,0,0,0,0,0,0,0,0,0,0,0,0,0,0,0,0,0,0,0,0,0,0,0,0,0,0,0,0,0,0,2,11,2020,13:59:41,5000,5000,5000.0,month,0,0,0,3.0,1,0,2,263,0,1,0,0,1,0,74
429,5,0,0,0,0,1,1,0,0,0,0,0,0,0,0,0,1,0,0,0,0,0,0,0,0,0,0,0,0,0,0,0,0,0,0,1,0,0,0,0,0,0,0,0,0,0,0,1,0,0,0,0,0,2,11,2020,13:59:41,8000,8000,8000.0,month,0,0,0,6.0,1,0,2,263,0,1,0,0,1,0,22
430,0,0,0,0,0,0,0,0,0,0,0,0,0,0,0,0,0,0,0,0,0,0,0,0,0,0,0,0,0,0,0,0,0,0,0,0,0,0,0,0,0,0,0,0,0,0,0,0,0,0,0,0,0,2,11,2020,13:59:42,10000,10000,10000.0,month,0,0,0,6.0,1,0,2,172,1,0,1,0,1,1,54
431,4,0,0,0,0,0,0,0,0,0,0,0,0,0,0,0,0,0,0,0,0,0,0,0,0,0,0,0,1,0,0,0,0,0,1,0,0,1,0,0,0,0,0,0,0,0,0,1,0,0,0,0,0,2,11,2020,13:59:43,4000,4000,4000.0,month,0,0,0,3.0,0,0,8,205,1,1,1,1,0,0,126
432,3,0,0,0,0,0,0,0,0,0,0,0,0,0,0,0,0,0,0,0,0,0,0,0,0,0,0,0,0,0,0,0,0,0,0,0,0,0,0,0,0,0,1,0,0,0,0,0,0,0,0,0,0,2,11,2020,13:59:44,5000,5000,5000.0,month,0,0,0,4.0,1,0,2,264,0,1,0,1,1,1,151
433,2,0,0,0,0,0,0,0,0,0,0,0,0,0,0,0,0,0,0,0,0,0,0,0,0,0,0,0,0,0,0,0,0,0,1,0,1,0,0,0,0,0,0,0,0,0,0,0,0,0,0,0,0,2,11,2020,13:59:44,15000,15000,15000.0,month,0,0,0,3.0,0,0,2,69,0,1,0,0,0,0,72
434,3,0,0,0,0,0,0,0,0,0,0,0,0,0,0,0,0,1,0,0,0,0,0,0,0,0,0,0,1,0,0,0,0,0,0,0,0,0,0,0,0,0,0,0,0,0,0,0,0,0,0,0,0,2,11,2020,13:59:45,12000,18000,15000.0,month,0,0,0,2.0,0,0,2,106,1,1,1,1,0,1,36
435,4,0,0,0,0,0,0,0,0,0,0,0,0,0,0,0,0,0,0,0,0,0,0,0,0,0,0,0,1,0,0,0,0,0,1,1,1,0,0,0,0,0,0,0,0,0,0,0,0,0,0,0,0,2,11,2020,13:59:46,8000,8000,8000.0,month,0,0,0,2.0,0,0,2,288,1,1,1,0,0,0,18
436,0,0,0,0,0,0,0,0,0,0,0,0,0,0,0,0,0,0,0,0,0,0,0,0,0,0,0,0,0,0,0,0,0,0,0,0,0,0,0,0,0,0,0,0,0,0,0,0,0,0,0,0,0,2,11,2020,13:59:47,7000,7000,7000.0,month,0,0,0,3.0,0,0,2,21,0,0,0,0,0,0,72
437,6,0,0,0,1,0,0,0,0,0,0,0,0,0,0,0,0,0,0,0,1,0,0,0,1,1,0,0,1,0,0,0,0,0,0,0,0,0,0,0,0,0,0,0,0,0,0,0,0,0,0,0,0,2,11,2020,13:59:48,10000,12000,11000.0,month,0,0,0,3.0,0,0,2,350,1,1,0,1,0,0,123
438,3,0,0,0,0,0,0,0,0,0,0,0,0,0,0,0,0,0,0,0,0,0,0,0,0,0,0,0,0,0,1,0,0,0,0,0,0,0,0,0,0,0,0,0,0,0,0,0,0,0,0,0,0,2,11,2020,13:59:48,12000,12000,12000.0,month,0,0,0,3.0,1,0,2,154,1,1,0,0,1,0,133
439,1,0,0,0,0,0,0,0,0,0,0,0,0,0,0,0,0,0,1,0,0,0,0,0,0,0,0,0,0,0,0,0,0,0,0,0,0,0,0,0,0,0,0,0,0,0,0,0,0,0,0,0,0,2,11,2020,13:59:51,10000,10000,10000.0,month,0,0,0,3.0,0,0,2,60,0,1,0,0,0,0,126
440,2,0,0,0,0,0,0,0,0,0,0,0,0,0,0,0,0,0,0,0,0,0,0,0,0,0,0,0,0,0,0,0,0,0,1,0,0,0,0,0,0,0,0,0,0,0,0,0,0,0,0,0,0,2,11,2020,13:59:54,2500,7000,4750.0,month,0,0,0,3.0,0,0,2,201,0,1,0,0,0,0,99
441,2,0,0,0,0,0,0,0,0,0,0,0,0,0,0,0,0,0,0,0,0,0,0,0,0,0,0,0,1,0,0,0,0,0,0,0,0,0,0,0,0,0,0,0,0,0,0,0,0,0,0,1,0,2,11,2020,13:59:54,10000,12000,11000.0,month,0,0,0,6.0,0,0,2,320,1,1,1,1,0,1,151
442,2,0,0,0,0,0,0,0,0,0,0,0,0,0,0,0,0,0,0,0,1,1,0,0,0,0,0,0,0,0,0,0,0,0,0,0,0,0,0,0,0,0,0,0,0,0,0,0,0,0,0,0,0,2,11,2020,13:59:56,5000,5000,5000.0,month,0,0,0,2.0,0,0,4,130,1,1,1,0,0,0,137
443,1,0,0,0,0,0,0,0,0,0,0,0,0,0,0,0,0,0,0,0,0,0,0,0,0,0,0,0,1,0,0,0,0,0,0,0,0,0,0,0,0,0,0,0,0,0,0,0,0,0,0,0,0,2,11,2020,13:59:56,15000,15000,15000.0,month,0,0,0,6.0,0,0,2,310,1,0,1,0,0,0,18
444,2,0,0,0,0,0,0,0,0,0,0,0,0,0,0,0,0,0,0,0,0,0,0,0,0,0,0,0,0,0,0,0,0,0,0,0,0,0,0,0,0,0,0,0,0,0,0,0,0,1,1,0,0,2,11,2020,13:59:57,7000,7000,7000.0,month,0,0,0,3.0,0,0,2,262,1,1,0,0,0,0,149
445,3,0,0,1,0,0,0,0,0,0,0,0,0,0,0,0,0,0,0,0,0,0,0,0,0,0,0,0,1,0,0,0,0,0,0,0,0,0,0,0,0,0,0,0,0,0,0,0,0,0,0,0,0,2,11,2020,13:59:58,20000,20000,20000.0,month,0,0,0,3.0,0,0,2,347,1,1,1,0,0,0,70
446,2,0,0,0,0,0,0,0,0,0,0,0,0,0,0,0,0,0,0,0,1,0,0,0,0,0,0,0,0,0,0,0,0,0,1,0,0,0,0,0,0,0,0,0,0,0,0,0,0,0,0,0,0,2,11,2020,13:59:59,3000,8000,5500.0,month,0,0,0,1.0,0,0,6,113,0,1,0,0,0,0,30
447,4,0,0,0,0,0,0,0,0,0,0,1,0,0,0,0,0,1,0,0,0,0,0,0,0,0,0,0,1,0,0,0,0,0,1,0,0,0,0,0,0,0,0,0,0,0,0,0,0,0,0,0,0,2,11,2020,14:00:00,7500,15000,11250.0,month,0,0,0,2.0,0,0,2,217,1,1,0,0,0,1,36
448,4,0,0,0,0,0,0,0,0,0,0,0,0,0,0,1,0,0,0,0,0,0,1,0,0,0,0,0,1,0,0,0,0,0,0,0,0,0,0,0,0,0,0,0,0,1,0,0,0,0,0,0,0,2,11,2020,14:00:01,8000,15000,11500.0,month,0,0,0,3.0,0,0,2,166,1,1,1,0,0,1,126
449,2,0,0,0,0,0,0,0,0,0,0,0,0,0,0,0,0,0,0,0,0,0,0,0,0,0,0,0,1,0,0,0,0,0,1,0,0,0,0,0,0,0,0,0,0,0,0,0,0,0,0,0,0,2,11,2020,14:00:01,15000,15000,15000.0,month,0,0,0,1.0,1,0,2,304,0,1,0,0,1,0,99
450,0,0,0,0,0,0,0,0,0,0,0,0,0,0,0,0,0,0,0,0,0,0,0,0,0,0,0,0,0,0,0,0,0,0,0,0,0,0,0,0,0,0,0,0,0,0,0,0,0,0,0,0,0,2,11,2020,14:00:02,5000,10000,7500.0,month,0,0,0,6.0,0,0,2,277,0,1,0,0,0,0,18
451,2,0,0,0,0,0,0,0,0,0,0,0,0,0,0,0,0,0,0,0,1,1,0,0,0,0,0,0,0,0,0,0,0,0,0,0,0,0,0,0,0,0,0,0,0,0,0,0,0,0,0,0,0,2,11,2020,14:00:04,6000,10000,8000.0,month,0,0,0,6.0,1,0,2,145,1,1,0,0,1,0,50
452,0,0,0,0,0,0,0,0,0,0,0,0,0,0,0,0,0,0,0,0,0,0,0,0,0,0,0,0,0,0,0,0,0,0,0,0,0,0,0,0,0,0,0,0,0,0,0,0,0,0,0,0,0,2,11,2020,14:00:04,9000,9000,9000.0,month,0,0,0,6.0,0,0,2,165,1,1,0,0,0,0,134
453,0,0,0,0,0,0,0,0,0,0,0,0,0,0,0,0,0,0,0,0,0,0,0,0,0,0,0,0,0,0,0,0,0,0,0,0,0,0,0,0,0,0,0,0,0,0,0,0,0,0,0,0,0,2,11,2020,14:00:05,15000,18000,16500.0,month,0,0,0,3.0,0,1,4,72,0,1,0,0,0,0,81
454,3,0,0,0,0,0,0,0,0,0,0,0,0,0,0,0,0,0,0,0,1,1,0,0,0,0,0,0,0,0,0,0,0,0,1,0,0,0,0,0,0,0,0,0,0,0,0,0,0,0,0,0,0,2,11,2020,14:00:06,5000,5000,5000.0,month,0,0,0,2.0,0,0,4,130,1,1,1,0,0,1,114
455,3,0,0,0,0,0,0,0,0,0,0,0,0,0,0,0,0,0,0,0,1,1,0,0,0,0,0,0,1,0,0,0,0,0,0,0,0,0,0,0,0,0,0,0,0,0,0,0,0,0,0,0,0,2,11,2020,14:00:07,2000,2000,2000.0,month,0,0,0,6.0,0,0,6,167,1,1,0,0,0,0,80
456,1,0,0,0,0,0,0,0,0,0,0,0,0,0,0,0,0,0,0,0,0,0,0,0,0,0,0,0,1,0,0,0,0,0,0,0,0,0,0,0,0,0,0,0,0,0,0,0,0,0,0,0,0,2,11,2020,14:00:08,7500,7500,7500.0,month,0,0,0,3.0,1,0,2,247,1,1,0,0,1,1,99
457,9,0,0,1,0,1,1,0,1,0,0,0,0,0,0,0,0,1,0,0,0,0,0,0,0,0,0,0,1,0,0,0,0,0,0,0,0,0,0,0,0,0,0,0,0,0,0,0,0,0,0,0,0,2,11,2020,14:00:09,9000,14000,11500.0,month,0,0,0,3.0,1,0,2,374,1,1,0,1,1,1,70
458,1,0,0,0,0,0,0,0,0,0,0,0,0,0,0,0,0,0,0,0,0,0,0,0,0,0,0,0,1,0,0,0,0,0,0,0,0,0,0,0,0,0,0,0,0,0,0,0,0,0,0,0,0,2,11,2020,14:00:09,7500,7500,7500.0,month,0,0,1,3.0,0,0,2,235,0,1,1,1,0,0,89
459,1,0,0,0,0,0,0,0,0,0,0,0,0,0,0,0,0,0,0,0,0,1,0,0,0,0,0,0,0,0,0,0,0,0,0,0,0,0,0,0,0,0,0,0,0,0,0,0,0,0,0,0,0,2,11,2020,14:00:10,15000,15000,15000.0,month,0,0,0,3.0,0,0,2,182,1,1,0,0,0,0,126
460,5,0,1,0,0,0,0,0,0,0,0,0,0,0,1,0,0,0,1,0,0,0,0,0,0,0,0,0,0,0,0,0,0,0,0,0,0,0,0,0,0,0,0,0,0,0,0,0,0,0,0,0,0,2,11,2020,14:00:11,2000,7000,4500.0,month,0,0,0,1.0,0,0,4,267,1,1,1,0,0,1,48
461,10,0,0,0,0,0,1,0,0,0,0,0,0,0,0,1,0,0,0,1,1,1,0,0,0,0,0,0,1,0,0,0,0,0,0,0,1,1,0,0,0,0,0,0,0,0,0,0,0,0,1,0,0,2,11,2020,14:00:13,15000,15000,15000.0,month,0,0,0,3.0,1,0,2,49,0,1,0,1,1,0,70
462,4,0,0,0,0,0,0,0,0,0,0,0,0,0,0,0,0,0,0,0,0,0,0,0,0,0,0,0,1,0,0,0,0,0,0,1,1,1,0,0,0,0,0,0,0,0,0,0,0,0,0,0,0,2,11,2020,14:00:13,4000,4000,4000.0,month,0,0,0,3.0,1,0,8,170,1,1,1,0,1,0,18
463,0,0,0,0,0,0,0,0,0,0,0,0,0,0,0,0,0,0,0,0,0,0,0,0,0,0,0,0,0,0,0,0,0,0,0,0,0,0,0,0,0,0,0,0,0,0,0,0,0,0,0,0,0,2,11,2020,14:00:14,10000,10000,10000.0,month,0,0,0,2.0,0,0,8,157,1,0,1,0,0,0,89
464,5,0,0,0,0,0,0,0,0,0,0,0,0,0,0,0,0,0,1,0,1,1,0,0,0,0,0,0,1,0,0,0,0,0,0,0,0,0,0,0,0,0,0,0,0,0,0,1,0,0,0,0,0,2,11,2020,14:00:15,5000,5000,5000.0,month,0,0,0,6.0,0,0,2,75,1,1,1,0,0,1,48
465,4,0,0,0,1,0,0,0,0,0,0,0,0,0,0,0,0,0,0,0,0,0,1,0,0,0,0,0,0,1,0,0,0,0,0,1,0,0,0,0,0,0,0,0,0,0,0,0,0,0,0,0,0,2,11,2020,14:00:16,20000,20000,20000.0,month,0,0,0,6.0,1,0,2,238,1,1,1,0,1,0,70
466,2,0,0,0,0,0,0,0,0,0,0,0,0,0,0,0,0,0,0,0,0,0,0,0,0,0,0,0,1,0,0,0,0,0,0,0,0,0,0,0,0,1,0,0,0,0,0,0,0,0,0,0,0,2,11,2020,14:00:17,10000,10000,10000.0,month,0,0,0,6.0,1,0,2,284,0,1,0,0,1,0,68
467,2,0,0,0,0,0,0,0,0,0,0,0,0,0,0,0,0,0,0,0,1,1,0,0,0,0,0,0,0,0,0,0,0,0,0,0,0,0,0,0,0,0,0,0,0,0,0,0,0,0,0,0,0,2,11,2020,14:00:18,5000,5000,5000.0,month,0,0,0,2.0,0,0,4,130,1,1,1,0,0,0,31
468,1,0,0,0,0,0,0,0,0,0,0,0,0,0,0,0,0,0,0,0,0,0,0,0,0,0,0,0,1,0,0,0,0,0,0,0,0,0,0,0,0,0,0,0,0,0,0,0,0,0,0,0,0,2,11,2020,14:00:18,10000,10000,10000.0,month,0,0,0,3.0,0,0,2,28,0,0,1,0,0,0,99
469,4,0,0,0,0,0,0,0,0,0,0,0,0,0,0,0,0,0,1,1,0,0,1,0,0,0,0,0,0,1,0,0,0,0,0,0,0,0,0,0,0,0,0,0,0,0,0,0,0,0,0,0,0,2,11,2020,14:00:19,21000,21000,21000.0,lump_sum,0,0,0,3.0,0,0,13,93,1,1,1,0,0,1,18
470,5,0,0,0,0,0,0,0,0,0,0,0,0,1,0,0,0,0,0,0,0,0,0,0,0,0,1,0,1,0,0,0,0,0,0,0,0,0,0,1,0,0,0,0,0,0,0,0,0,0,0,1,0,2,11,2020,14:00:21,10000,10000,10000.0,month,0,0,0,3.0,0,0,2,44,1,1,0,0,0,1,151
471,4,0,0,0,0,0,0,0,0,0,0,0,0,0,0,0,0,0,0,0,1,1,0,0,0,0,0,0,1,0,0,0,0,0,1,0,0,0,0,0,0,0,0,0,0,0,0,0,0,0,0,0,0,2,11,2020,14:00:22,6000,8000,7000.0,month,0,0,0,6.0,0,0,2,333,1,1,1,0,0,0,18
472,11,0,0,0,0,0,0,0,0,0,0,0,0,0,0,0,0,0,0,0,1,1,0,0,0,0,0,1,1,0,0,0,1,0,0,0,0,0,0,0,0,0,0,0,0,0,0,0,0,0,0,0,0,2,11,2020,14:00:23,12000,12000,12000.0,month,0,0,0,3.0,0,0,2,161,0,1,0,0,0,0,38
473,0,0,0,0,0,0,0,0,0,0,0,0,0,0,0,0,0,0,0,0,0,0,0,0,0,0,0,0,0,0,0,0,0,0,0,0,0,0,0,0,0,0,0,0,0,0,0,0,0,0,0,0,0,2,11,2020,14:00:23,2000,2000,2000.0,week,0,0,1,0.5,0,0,8,29,0,1,0,0,0,0,59
474,7,0,0,0,0,0,0,0,0,0,0,1,0,0,0,1,0,1,0,0,0,1,0,0,0,0,0,0,1,0,0,0,0,0,0,0,0,0,0,0,0,0,0,0,0,0,0,1,0,0,0,0,0,2,11,2020,14:00:24,7000,12000,9500.0,month,0,0,0,6.0,0,0,2,305,0,1,0,1,0,0,36
475,1,0,0,0,0,0,0,0,0,0,0,0,0,0,0,0,0,0,0,0,0,0,0,0,0,0,0,0,1,0,0,0,0,0,0,0,0,0,0,0,0,0,0,0,0,0,0,0,0,0,0,0,0,2,11,2020,14:00:25,2000,2000,2000.0,month,0,0,0,3.0,0,0,2,307,1,1,0,0,0,1,48
476,2,0,0,0,0,0,0,0,0,0,0,0,0,0,0,0,0,0,0,0,0,0,0,0,0,0,0,0,1,0,0,0,0,0,0,0,0,0,0,0,0,0,0,0,0,0,0,0,0,0,0,0,0,2,11,2020,14:00:27,7000,8000,7500.0,month,0,0,0,5.0,1,0,2,207,1,1,0,0,1,0,72
477,6,0,0,0,0,0,0,0,0,0,0,0,0,0,0,0,0,0,0,0,1,1,0,0,0,0,0,0,0,0,0,0,0,0,1,1,1,1,0,0,0,0,0,0,0,0,0,0,0,0,0,0,0,2,11,2020,14:00:27,3000,3000,3000.0,month,0,0,0,1.0,0,0,2,128,0,1,0,0,0,0,99
478,3,0,0,0,0,0,0,0,0,0,0,0,0,0,0,0,0,0,0,0,0,0,0,0,0,0,0,0,0,0,0,0,0,0,1,0,1,1,0,0,0,0,0,0,0,0,0,0,0,0,0,0,0,2,11,2020,14:00:28,400,400,400.0,week,0,0,0,1.5,0,0,2,9,1,0,0,0,0,1,119
479,5,0,0,0,0,0,0,0,0,0,0,0,0,0,0,0,0,0,0,0,0,0,0,0,0,0,0,0,1,0,0,0,0,0,0,0,0,0,0,0,0,0,0,0,0,0,0,0,0,0,0,0,0,2,11,2020,14:00:29,7500,7500,7500.0,month,0,0,0,2.0,0,0,2,235,0,1,0,0,0,0,36
480,5,0,0,0,0,0,0,0,0,0,0,0,0,0,0,0,0,0,0,0,0,0,0,0,0,0,0,0,1,0,0,0,0,0,0,0,0,0,0,0,0,0,0,0,0,0,0,0,0,0,0,0,0,2,11,2020,14:00:32,7500,7500,7500.0,month,0,0,0,2.0,0,0,2,235,0,1,0,0,0,0,36
481,3,0,0,0,0,0,0,0,0,0,0,0,0,0,0,0,0,0,0,0,1,0,0,0,0,0,0,0,1,0,0,0,0,0,0,1,0,0,0,0,0,0,0,0,0,0,0,0,0,0,0,0,0,2,11,2020,14:00:32,5000,8500,6750.0,month,0,0,0,3.0,1,0,2,326,1,1,1,0,1,1,43
482,3,0,0,0,0,0,0,0,0,0,0,0,0,0,0,0,0,0,0,0,1,1,0,0,0,0,0,0,0,0,0,0,0,0,0,0,0,0,0,0,0,0,0,0,0,0,0,0,0,0,0,0,0,2,11,2020,14:00:33,6000,10000,8000.0,month,0,0,0,3.0,0,0,20,107,1,1,1,0,0,1,18
483,3,0,0,0,0,0,0,0,0,0,0,0,0,0,0,0,0,0,0,0,0,0,0,0,0,0,1,0,1,0,0,0,0,0,0,0,0,0,0,0,0,0,0,0,0,0,0,0,0,0,0,1,0,2,11,2020,14:00:35,8000,15000,11500.0,month,0,0,0,3.0,0,0,2,166,1,1,1,0,0,1,151
484,6,0,1,0,0,0,0,0,0,0,0,0,0,0,0,0,0,0,0,1,1,1,0,0,0,0,0,0,1,0,0,0,1,0,0,0,0,0,0,0,0,0,0,0,0,0,0,0,0,0,0,0,0,2,11,2020,14:00:36,5000,5000,5000.0,month,0,0,0,6.0,0,0,2,204,1,1,0,0,0,1,99
485,5,0,0,0,0,0,0,0,0,1,0,0,0,0,0,0,0,0,0,0,0,0,0,1,0,0,0,0,0,0,1,0,0,0,0,0,0,0,0,0,0,0,0,0,0,0,0,0,0,0,0,0,0,2,11,2020,14:00:36,10000,15000,12500.0,month,0,0,0,6.0,1,0,2,253,1,1,0,0,1,1,96
486,0,0,0,0,0,0,0,0,0,0,0,0,0,0,0,0,0,0,0,0,0,0,0,0,0,0,0,0,0,0,0,0,0,0,0,0,0,0,0,0,0,0,0,0,0,0,0,0,0,0,0,0,0,2,11,2020,14:00:37,2000,2000,2000.0,month,0,0,1,3.0,1,0,2,218,1,1,1,0,1,0,151
487,1,0,0,0,0,0,0,0,0,0,0,0,0,0,1,0,0,0,0,0,0,0,0,0,0,0,0,0,0,0,0,0,0,0,0,0,0,0,0,0,0,0,0,0,0,0,0,0,0,0,0,0,0,2,11,2020,14:00:38,10000,10000,10000.0,month,0,0,0,3.0,0,0,2,218,1,1,1,0,0,0,28
488,5,1,0,1,1,0,0,0,0,0,0,0,0,0,0,0,0,0,0,0,0,0,0,0,0,0,0,0,0,0,0,0,0,0,0,0,0,0,0,0,0,0,0,0,0,0,0,0,0,0,0,0,0,2,11,2020,14:00:39,10000,10000,10000.0,month,0,0,0,3.0,0,0,2,218,1,1,1,0,0,0,147
489,0,0,0,0,0,0,0,0,0,0,0,0,0,0,0,0,0,0,0,0,0,0,0,0,0,0,0,0,0,0,0,0,0,0,0,0,0,0,0,0,0,0,0,0,0,0,0,0,0,0,0,0,0,2,11,2020,14:00:39,10000,10000,10000.0,month,0,0,0,3.0,1,0,2,218,0,1,1,0,1,0,36
490,0,0,0,0,0,0,0,0,0,0,0,0,0,0,0,0,0,0,0,0,0,0,0,0,0,0,0,0,0,0,0,0,0,0,0,0,0,0,0,0,0,0,0,0,0,0,0,0,0,0,0,0,0,2,11,2020,14:00:40,10000,10000,10000.0,month,0,0,0,3.0,1,0,2,218,1,1,1,0,1,0,126
491,3,0,0,0,0,0,0,0,0,0,0,0,0,0,0,0,0,0,1,0,0,0,0,0,0,0,0,0,1,0,0,0,0,0,0,1,0,0,0,0,0,0,0,0,0,0,0,0,0,0,0,0,0,2,11,2020,14:00:41,6500,6500,6500.0,month,0,0,0,3.0,1,0,4,151,1,1,0,0,1,0,18
492,0,0,0,0,0,0,0,0,0,0,0,0,0,0,0,0,0,0,0,0,0,0,0,0,0,0,0,0,0,0,0,0,0,0,0,0,0,0,0,0,0,0,0,0,0,0,0,0,0,0,0,0,0,2,11,2020,14:00:42,10000,15000,12500.0,month,0,0,0,6.0,0,0,2,90,1,1,0,0,0,0,124
493,3,0,0,0,0,0,0,0,0,0,0,0,0,0,0,0,0,0,0,0,0,0,0,0,0,0,0,0,1,0,0,0,0,0,0,0,0,0,0,0,0,0,1,0,0,0,0,0,0,0,0,0,0,2,11,2020,14:00:42,12000,15000,13500.0,month,0,0,0,3.0,1,0,2,266,1,1,0,0,1,0,151
494,5,0,0,1,0,1,1,0,1,0,0,0,0,0,0,0,0,0,0,0,0,0,0,0,0,0,0,0,1,0,0,0,0,0,0,0,0,0,0,0,0,0,0,0,0,0,0,0,0,0,0,0,0,2,11,2020,14:00:44,10000,10000,10000.0,month,0,0,0,6.0,1,0,2,335,1,1,0,1,1,0,146
495,1,0,0,0,0,0,0,0,0,0,0,0,0,0,0,0,0,0,0,0,0,0,0,0,0,0,0,0,1,0,0,0,0,0,0,0,0,0,0,0,0,0,0,0,0,0,0,0,0,0,0,0,0,2,11,2020,14:00:45,20000,20000,20000.0,month,0,0,0,6.0,1,0,2,252,0,0,1,1,1,1,36
496,7,0,0,0,0,0,0,0,0,0,0,0,0,0,0,0,0,0,0,0,1,1,0,0,0,0,0,1,1,0,0,0,1,0,1,0,0,0,0,0,0,0,0,0,0,0,0,0,0,0,0,0,0,2,11,2020,14:00:46,3000,3000,3000.0,month,0,0,1,2.0,1,0,2,123,0,1,0,0,1,0,99
497,0,0,0,0,0,0,0,0,0,0,0,0,0,0,0,0,0,0,0,0,0,0,0,0,0,0,0,0,0,0,0,0,0,0,0,0,0,0,0,0,0,0,0,0,0,0,0,0,0,0,0,0,0,2,11,2020,14:00:48,12000,12000,12000.0,month,0,0,0,6.0,0,0,4,122,1,1,0,0,0,1,24
498,9,0,0,0,0,0,0,0,0,0,0,0,0,0,0,0,0,0,0,0,1,1,1,0,1,1,0,0,0,1,0,0,0,0,0,0,0,0,0,0,0,0,0,0,0,1,1,1,0,0,0,0,0,2,11,2020,14:00:49,3000,6000,4500.0,month,0,0,0,6.0,0,0,16,45,1,1,0,0,0,1,126
499,5,0,0,0,0,0,0,0,0,0,0,0,0,0,0,0,0,0,0,0,0,0,0,0,0,0,0,0,1,0,0,1,0,0,0,0,0,0,1,0,0,1,0,0,0,0,0,0,0,0,0,0,0,2,11,2020,14:00:51,7000,7000,7000.0,month,0,0,0,3.0,0,0,2,171,1,1,0,0,0,0,151
500,2,0,0,0,0,0,0,0,0,0,0,0,0,0,0,0,0,0,0,0,1,1,0,0,0,0,0,0,0,0,0,0,0,0,0,0,0,0,0,0,0,0,0,0,0,0,0,0,0,0,0,0,0,2,11,2020,14:00:51,5000,10000,7500.0,month,0,0,0,3.0,1,0,2,297,1,1,0,0,1,1,18
501,0,0,0,0,0,0,0,0,0,0,0,0,0,0,0,0,0,0,0,0,0,0,0,0,0,0,0,0,0,0,0,0,0,0,0,0,0,0,0,0,0,0,0,0,0,0,0,0,0,0,0,0,0,2,11,2020,14:00:53,10000,10000,10000.0,month,0,0,0,12.0,0,0,2,23,0,1,1,0,0,0,32
502,8,0,0,0,0,0,0,0,0,0,0,0,0,0,0,0,0,0,0,0,0,0,0,0,0,0,0,0,0,0,0,0,0,1,0,0,0,0,0,0,0,1,0,1,0,0,0,0,0,0,0,0,0,2,11,2020,14:00:53,8000,8000,8000.0,month,0,0,0,3.0,1,0,2,317,1,1,0,0,1,0,44
503,7,0,0,1,1,1,0,0,1,0,0,0,0,0,0,0,0,0,0,0,0,0,0,0,0,0,0,0,0,0,0,0,0,0,0,0,0,0,0,0,0,0,0,0,0,0,0,0,0,0,0,0,0,2,11,2020,14:00:55,5000,8000,6500.0,month,0,0,0,2.0,0,0,2,224,1,1,1,0,0,1,147
504,1,0,0,0,0,0,0,0,0,0,0,0,0,0,0,0,0,0,0,0,0,0,0,0,0,0,0,0,1,0,0,0,0,0,0,0,0,0,0,0,0,0,0,0,0,0,0,0,0,0,0,0,0,2,11,2020,14:00:56,10000,10000,10000.0,month,0,0,0,6.0,1,0,2,335,1,1,0,1,1,0,97
505,1,0,0,0,0,0,0,0,0,0,0,0,0,0,0,0,0,0,0,0,0,0,0,0,0,0,0,0,1,0,0,0,0,0,0,0,0,0,0,0,0,0,0,0,0,0,0,0,0,0,0,0,0,2,11,2020,14:00:56,2000,2000,2000.0,month,0,0,1,2.0,1,0,2,323,1,1,1,1,1,1,18
506,3,0,0,0,0,0,0,0,0,0,0,0,0,0,0,0,0,0,0,1,0,0,1,0,0,0,0,0,0,1,0,0,0,0,0,0,0,0,0,0,0,0,0,0,0,0,0,0,0,0,0,0,0,2,11,2020,14:00:57,7000,10000,8500.0,month,0,0,0,3.0,0,0,7,220,1,1,0,0,0,0,18
507,1,0,0,0,0,0,0,0,0,0,0,0,0,0,0,0,0,0,0,0,0,0,0,0,0,0,0,0,1,0,0,0,0,0,0,0,0,0,0,0,0,0,0,0,0,0,0,0,0,0,0,0,0,2,11,2020,14:00:58,6000,8000,7000.0,month,0,0,0,6.0,0,0,2,248,1,1,0,0,0,1,108
508,6,1,0,0,0,0,1,0,0,0,1,0,0,0,0,0,0,0,0,0,0,0,0,0,0,0,0,0,1,0,0,0,0,0,0,0,0,0,0,0,0,0,0,0,0,0,0,0,0,0,0,0,0,2,11,2020,14:00:59,5000,10000,7500.0,month,0,0,0,2.0,1,0,2,42,1,1,1,1,1,1,9
509,6,0,0,0,0,1,1,0,1,0,0,0,0,0,0,0,0,0,0,0,0,0,0,0,0,0,0,0,1,0,0,0,0,0,0,0,0,0,0,0,0,0,0,0,0,0,0,0,0,0,0,0,0,2,11,2020,14:00:59,5000,10000,7500.0,month,0,0,0,2.0,1,0,2,42,1,1,1,1,1,1,70
510,0,0,0,0,0,0,0,0,0,0,0,0,0,0,0,0,0,0,0,0,0,0,0,0,0,0,0,0,0,0,0,0,0,0,0,0,0,0,0,0,0,0,0,0,0,0,0,0,0,0,0,0,0,2,11,2020,14:01:00,8000,8000,8000.0,month,0,0,1,6.0,1,0,11,354,0,1,0,0,1,0,18
511,6,0,0,0,0,0,0,0,0,0,0,0,0,1,0,0,0,0,0,0,0,0,0,0,0,0,0,0,1,0,0,1,0,0,0,0,0,0,1,0,0,0,1,0,0,0,0,0,0,0,0,0,0,2,11,2020,14:01:01,10000,15000,12500.0,month,0,0,0,3.0,0,0,8,190,0,0,0,1,0,0,67
512,5,0,0,0,0,0,0,0,0,0,0,0,0,0,0,0,0,0,0,0,0,0,0,0,0,0,0,0,1,0,1,1,0,0,0,0,0,0,1,0,0,1,0,0,0,0,0,0,0,0,0,0,0,2,11,2020,14:01:02,15000,20000,17500.0,month,0,0,0,3.0,1,0,2,316,1,1,0,1,1,0,12
